set	jd_tt	x_km	y_km	z_km
fit	643557.5000	-378175.482	143910.236	-8434.673
fit	659591.2000	-129129.576	382962.684	35545.231
fit	675624.9000	210897.215	336753.723	26164.673
fit	691658.6000	383405.412	33154.175	-19554.790
fit	707692.3000	235230.024	-286337.605	-34723.191
fit	723726.0000	-118806.463	-346322.020	-3575.917
fit	739759.7000	-360280.268	-80068.734	31964.097
fit	755793.4000	-275499.213	265053.679	22605.420
fit	771827.1000	52201.325	392312.417	-20956.713
fit	787860.8000	344151.786	211140.107	-28815.114
fit	803894.5000	382891.353	-129739.178	11933.988
fit	819928.2000	139566.923	-369039.738	30264.993
fit	835961.9000	-201722.637	-323464.838	-1562.235
fit	851995.6000	-365611.757	-13455.104	-29937.235
fit	868029.3000	-201460.888	298478.441	-16991.531
fit	884063.0000	154324.081	330548.075	20283.916
fit	900096.7000	373292.578	56224.781	33820.411
fit	916130.4000	278846.253	-277932.076	-4546.233
fit	932164.1000	-40410.081	-399126.240	-40532.345
fit	948197.8000	-332217.458	-228531.797	-12966.467
fit	964231.5000	-378465.124	107771.929	32878.261
fit	980265.2000	-141442.931	351649.240	25429.262
fit	996298.9000	202973.175	302996.214	-14921.773
fit	1012332.6000	355430.633	-11912.538	-30609.581
fit	1028366.3000	175056.771	-315823.628	-6879.713
fit	1044400.0000	-175255.642	-330046.197	27758.866
fit	1060433.7000	-385917.583	-57802.728	21686.444
fit	1076467.4000	-294918.919	271914.779	-21818.309
fit	1092501.1000	15830.507	402586.541	-28141.916
fit	1108534.8000	314601.135	240972.694	15579.362
fit	1124568.5000	368839.861	-96602.379	33498.342
fit	1140602.2000	127502.255	-345138.397	-106.249
fit	1156635.9000	-220156.869	-282133.618	-31254.785
fit	1172669.6000	-358860.111	41603.105	-21408.359
fit	1188703.3000	-163811.224	336121.688	17929.216
fit	1204737.0000	181633.365	343385.003	36414.330
fit	1220770.7000	394660.816	74549.990	-250.221
fit	1236804.4000	312129.482	-255319.637	-38476.701
fit	1252838.1000	2699.732	-398794.584	-15112.791
fit	1268871.8000	-303856.052	-237684.329	28975.135
fit	1284905.5000	-356100.597	107917.837	25366.104
fit	1300939.2000	-95048.555	351932.834	-12373.977
fit	1316972.9000	251007.870	265241.531	-30325.989
fit	1333006.6000	371166.837	-69161.629	-6518.084
fit	1349040.3000	165636.687	-353994.323	28301.254
fit	1365074.0000	-178881.890	-360291.394	19511.342
fit	1381107.7000	-394880.100	-90662.801	-23896.022
fit	1397141.4000	-316028.009	244098.796	-29815.638
fit	1413175.1000	2818.433	388751.989	12793.873
fit	1429208.8000	309856.857	210822.053	36013.367
fit	1445242.5000	338984.282	-146933.657	7920.251
fit	1461276.2000	51543.700	-367046.872	-30510.218
fit	1477309.9000	-286027.619	-252486.792	-27689.819
fit	1493343.6000	-385257.963	87223.358	15296.610
fit	1509377.3000	-174810.980	363077.832	36573.067
fit	1525411.0000	171384.018	368122.107	1746.497
fit	1541444.7000	386606.242	95755.202	-33948.553
fit	1557478.4000	300792.104	-244069.227	-16122.634
fit	1573512.1000	-33126.319	-373673.817	23727.871
fit	1589545.8000	-328268.749	-168676.265	28128.152
fit	1605579.5000	-319648.249	193871.249	-7223.920
fit	1621613.2000	-16580.870	383097.265	-33081.871
fit	1637646.9000	308929.152	249537.494	-8267.180
fit	1653680.6000	394096.822	-88361.699	31334.415
fit	1669714.3000	184008.569	-360239.053	20429.739
fit	1685748.0000	-163554.466	-360927.580	-23442.128
fit	1701781.7000	-373370.091	-82482.764	-31012.928
fit	1717815.4000	-267860.382	257173.439	5378.404
fit	1733849.1000	76675.078	356426.903	34132.043
fit	1749882.8000	349272.237	125050.571	17293.725
fit	1765916.5000	307248.187	-227942.728	-26123.100
fit	1781950.2000	2543.837	-395350.015	-32344.288
fit	1797983.9000	-313155.735	-255758.160	12437.163
fit	1814017.6000	-395486.337	75706.873	35689.233
fit	1830051.3000	-186880.936	347973.446	1486.915
fit	1846085.0000	160607.087	343471.702	-30914.652
fit	1862118.7000	361721.867	56738.949	-16656.901
fit	1878152.4000	231793.675	-275661.201	18772.611
fit	1894186.1000	-113847.980	-346503.998	30027.073
fit	1910219.8000	-365489.626	-100984.852	-2256.619
fit	1926253.5000	-310431.332	239449.614	-35084.892
fit	1942287.2000	-11508.492	402558.799	-11430.790
fit	1958320.9000	300593.052	267306.669	32929.958
fit	1974354.6000	389587.917	-59809.558	22892.589
fit	1990388.3000	179750.384	-333994.099	-21358.387
fit	2006422.0000	-167866.098	-322096.917	-30925.543
fit	2022455.7000	-356347.959	-23888.828	-0.209
fit	2038489.4000	-206166.721	295025.830	30634.622
fit	2054523.1000	136960.214	348241.041	21346.578
fit	2070556.8000	376411.921	100314.968	-22098.676
fit	2086590.5000	324449.692	-234079.369	-32930.139
fit	2102624.2000	29856.381	-402685.087	11010.947
fit	2118657.9000	-284696.628	-274717.525	35567.782
fit	2134691.6000	-379106.573	55684.252	1982.216
fit	2150725.3000	-160608.033	329510.124	-30788.454
fit	2166759.0000	189993.838	303764.185	-18596.497
fit	2182792.7000	360729.597	-8052.523	16764.849
fit	2198826.4000	197009.332	-315810.439	31372.536
fit	2214860.1000	-146032.746	-360579.075	104.439
fit	2230893.8000	-382745.465	-114639.825	-35299.779
fit	2246927.5000	-338333.231	222276.684	-14246.305
fit	2262961.2000	-42979.230	396609.796	31091.155
fit	2278994.9000	277710.827	269160.259	25669.597
fit	2295028.6000	365677.735	-72725.096	-17464.878
fit	2311062.3000	129224.972	-338442.806	-32225.402
fit	2327096.0000	-224469.791	-287758.531	-3843.519
fit	2343129.7000	-372884.587	34598.201	29751.812
fit	2359163.4000	-198527.724	335307.915	22235.814
fit	2375197.1000	145753.055	373750.646	-20910.481
fit	2391230.8000	383865.008	128238.612	-32428.512
fit	2407264.5000	339196.154	-214750.326	8842.613
fit	2423298.2000	35931.988	-387141.092	35574.884
fit	2439331.9000	-288109.487	-243427.383	7549.066
fit	2455365.6000	-350100.300	112256.872	-29474.712
fit	2471399.3000	-88134.521	358502.186	-24764.333
fit	2487433.0000	261531.852	275280.953	14127.370
fit	2503466.7000	388273.055	-52712.384	33920.822
fit	2519500.4000	203931.378	-348001.054	2206.263
fit	2535534.1000	-140602.431	-380025.128	-33916.433
fit	2551567.8000	-379359.420	-130186.345	-16058.897
fit	2567601.5000	-323346.504	216994.621	26302.068
fit	2583635.2000	-6743.169	376471.862	28078.321
fit	2599668.9000	310287.990	201627.998	-10068.868
fit	2615702.6000	334434.197	-159441.840	-34048.767
fit	2631736.3000	50404.410	-378901.618	-9879.173
fit	2647770.0000	-287089.068	-269639.411	30436.772
fit	2663803.7000	-399203.412	58859.886	24698.330
fit	2679837.4000	-207828.692	348154.710	-20389.371
fit	2695871.1000	135550.711	374507.120	-32810.967
fit	2711904.8000	369714.633	115369.539	4584.911
fit	2727938.5000	293196.431	-230148.583	33196.235
fit	2743972.2000	-38488.712	-364716.192	15478.492
fit	2760005.9000	-334361.871	-156362.776	-23786.871
fit	2776039.6000	-323369.060	199684.391	-31004.099
check	643557.5000	-378175.482	143910.236	-8434.673
check	698345.0000	-83982.223	-355811.543	28808.114
check	753132.5000	374606.701	62598.547	-29834.796
check	807920.0000	-75221.846	396122.236	-724.617
check	862707.5000	-355271.675	-117335.628	30198.976
check	917495.0000	225887.891	-300196.537	-33317.760
check	972282.5000	306139.831	263094.490	4665.909
check	1027070.0000	-277434.902	239878.695	28247.614
check	1081857.5000	-143259.867	-353524.109	-36848.411
check	1136645.0000	383604.927	-132547.969	8838.326
check	1191432.5000	92554.298	357453.833	28075.747
check	1246220.0000	-368569.827	-61211.497	-34748.038
check	1301007.5000	87337.123	-396726.891	12373.167
check	1355795.0000	367766.591	101046.934	21461.974
check	1410582.5000	-215601.659	295248.893	-29759.453
check	1465370.0000	-295444.162	-275662.340	20477.956
check	1520157.5000	277562.966	-256816.313	11967.596
check	1574945.0000	157040.178	338969.521	-30843.971
check	1629732.5000	-383559.634	122229.860	27843.573
check	1684520.0000	-99296.491	-362915.868	9183.309
check	1739307.5000	367761.835	46916.971	-29551.250
check	1794095.0000	-89815.892	393991.669	31242.790
check	1848882.5000	-376989.582	-88773.563	4609.822
check	1903670.0000	203099.941	-297001.499	-26291.878
check	1958457.5000	290305.729	278971.866	34985.693
check	2013245.0000	-274016.459	273934.705	-2129.445
check	2068032.5000	-175999.287	-322487.309	-25585.768
check	2122820.0000	380689.530	-117571.063	35447.157
check	2177607.5000	107770.643	367419.913	-5615.635
check	2232395.0000	-369205.064	-22232.854	-19310.074
check	2287182.5000	84578.035	-391049.757	34484.483
check	2341970.0000	383448.260	77330.448	-12299.463
check	2396757.5000	-187261.875	305176.322	-13593.305
check	2451545.0000	-291608.384	-274979.742	36271.197
check	2506332.5000	266391.376	-290498.449	-18709.858
check	2561120.0000	197573.966	305032.392	-12958.705
check	2615907.5000	-376335.290	119210.737	34287.609
check	2670695.0000	-119144.785	-370134.115	-21098.083
check	2725482.5000	369953.062	-9701.716	-5873.219
check	2780270.0000	-72462.989	388352.569	30400.342
fit2	625661.5000	-345672.736	105764.564	30031.723
fit2	627160.5000	-134372.837	380517.991	27685.683
fit2	628659.5000	188609.162	313545.054	7406.352
fit2	630158.5000	377343.278	122409.264	-16024.651
fit2	631657.5000	291051.767	-262379.974	-30598.359
fit2	633156.5000	50452.553	-365681.016	-37402.458
fit2	634655.5000	-284696.537	-286780.084	-35467.885
fit2	636154.5000	-359968.523	43827.630	-19499.538
fit2	637653.5000	-277962.862	275681.804	7004.188
fit2	639152.5000	103529.921	370468.521	16720.831
fit2	640651.5000	292303.296	226693.128	33600.574
fit2	642150.5000	386189.949	-120086.414	33717.666
fit2	643649.5000	138703.876	-343964.735	25325.958
fit2	645148.5000	-131709.989	-372069.595	9849.076
fit2	646647.5000	-385827.741	-69486.283	1714.783
fit2	648146.5000	-323138.523	169934.089	-17039.519
fit2	649645.5000	-62233.702	398219.440	-28673.073
fit2	651144.5000	232353.682	272418.154	-28432.097
fit2	652643.5000	391253.518	63645.168	-27084.158
fit2	654142.5000	244313.348	-299378.857	-19349.881
fit2	655641.5000	2079.754	-376896.374	2900.958
fit2	657140.5000	-330928.579	-234553.222	19712.925
fit2	658639.5000	-353040.019	103128.140	32168.931
fit2	660138.5000	-219989.290	323343.648	37375.376
fit2	661637.5000	168297.267	345278.126	33348.471
fit2	663136.5000	322136.802	176890.476	7407.472
fit2	664635.5000	358938.424	-183904.601	-9018.131
fit2	666134.5000	91889.012	-353063.760	-27125.531
fit2	667633.5000	-189737.167	-349951.347	-38591.366
fit2	669132.5000	-389092.970	-12296.493	-33947.090
fit2	670631.5000	-295381.585	227012.606	-19283.232
fit2	672130.5000	12362.932	405001.132	-4163.752
fit2	673629.5000	284080.521	222638.189	9041.839
fit2	675128.5000	394129.118	-8747.629	29028.853
fit2	676627.5000	184700.352	-332009.189	28050.285
fit2	678126.5000	-44697.256	-372566.772	26681.116
fit2	679625.5000	-362125.203	-179741.391	21630.022
fit2	681124.5000	-341835.757	144899.527	7754.151
fit2	682623.5000	-160940.496	363117.471	-10976.459
fit2	684122.5000	229475.539	313420.722	-22803.652
fit2	685621.5000	350434.202	107186.705	-31345.916
fit2	687120.5000	316628.194	-246818.560	-37436.027
fit2	688619.5000	30754.003	-356824.816	-21835.449
fit2	690118.5000	-243001.103	-317635.054	-2711.243
fit2	691617.5000	-381383.138	43350.622	14263.023
fit2	693116.5000	-267975.060	266906.396	33857.423
fit2	694615.5000	78622.911	396063.220	39953.794
fit2	696114.5000	320218.469	176399.549	31948.384
fit2	697613.5000	386386.940	-83378.440	12813.074
fit2	699112.5000	115896.971	-363879.045	219.122
fit2	700611.5000	-108548.066	-353658.593	-25495.274
fit2	702110.5000	-385623.459	-109743.899	-31892.255
fit2	703609.5000	-314746.922	183881.789	-30374.976
fit2	705108.5000	-105653.042	386848.095	-23751.353
fit2	706607.5000	268344.891	279406.629	-14297.308
fit2	708106.5000	371482.423	49087.669	5341.974
fit2	709605.5000	267353.375	-302956.210	17574.058
fit2	711104.5000	-40254.486	-355304.186	24486.755
fit2	712603.5000	-293327.209	-267090.614	32909.623
fit2	714102.5000	-360604.180	108425.792	29542.272
fit2	715601.5000	-229773.659	301414.501	11150.944
fit2	717100.5000	142051.473	377729.852	-1270.780
fit2	718599.5000	342531.704	137992.801	-21187.709
fit2	720098.5000	368570.291	-150302.502	-35969.659
fit2	721597.5000	54943.549	-378143.747	-39535.805
fit2	723096.5000	-169887.459	-328950.970	-24000.917
fit2	724595.5000	-399612.070	-37255.111	-11730.220
fit2	726094.5000	-275577.981	228658.825	12320.608
fit2	727593.5000	-40082.590	399007.004	32615.731
fit2	729092.5000	301487.871	230890.499	34342.286
fit2	730591.5000	380619.732	-3636.638	31487.240
fit2	732090.5000	214739.250	-342128.284	20189.353
fit2	733589.5000	-97753.305	-351084.129	4156.518
fit2	735088.5000	-339514.961	-208416.953	-17502.570
fit2	736587.5000	-333011.681	173526.723	-20911.955
fit2	738086.5000	-177611.983	330081.914	-30468.636
fit2	739585.5000	202133.245	344188.093	-30167.151
fit2	741084.5000	353481.549	95330.718	-17471.714
fit2	742583.5000	343546.599	-211507.118	-4489.411
fit2	744082.5000	-654.428	-384481.775	8364.114
fit2	745581.5000	-231711.329	-296699.927	25747.746
fit2	747080.5000	-399320.787	35918.511	37528.780
fit2	748579.5000	-229166.665	272648.572	31056.546
fit2	750078.5000	27812.543	399588.589	21097.765
fit2	751577.5000	328797.085	177539.462	4738.939
fit2	753076.5000	379558.267	-54648.125	-22558.400
fit2	754575.5000	154919.723	-369468.814	-33973.932
fit2	756074.5000	-144960.604	-338352.199	-37534.361
fit2	757573.5000	-373582.708	-143931.013	-29392.241
fit2	759072.5000	-301031.411	232294.794	-16847.220
fit2	760571.5000	-110355.691	358324.350	10719.322
fit2	762070.5000	262872.805	299307.923	21481.850
fit2	763569.5000	356522.358	39630.077	29983.642
fit2	765068.5000	305631.244	-262588.319	32884.967
fit2	766567.5000	-48969.779	-375188.199	23587.385
fit2	768066.5000	-277777.966	-266628.539	7821.135
fit2	769565.5000	-389840.535	102710.186	-2891.472
fit2	771064.5000	-176578.491	317678.056	-16137.564
fit2	772563.5000	105556.405	385399.752	-30963.751
fit2	774062.5000	354792.318	109231.097	-32569.707
fit2	775561.5000	362538.373	-112642.068	-23367.637
fit2	777060.5000	90422.838	-386928.070	-16922.702
fit2	778559.5000	-182280.463	-320064.216	7082.495
fit2	780058.5000	-395591.753	-82778.072	25324.546
fit2	781557.5000	-265825.104	271633.772	36263.991
fit2	783056.5000	-43787.550	375678.821	34941.073
fit2	784555.5000	315161.521	246266.605	29106.027
fit2	786054.5000	356132.037	-31604.065	5442.252
fit2	787553.5000	252763.385	-312850.879	-17564.191
fit2	789052.5000	-110105.931	-353205.460	-26696.458
fit2	790551.5000	-312583.337	-225607.662	-37601.212
fit2	792050.5000	-365805.089	159504.578	-31039.941
fit2	793549.5000	-140029.645	341699.825	-17059.772
fit2	795048.5000	172432.184	364403.272	1301.219
fit2	796547.5000	373260.435	43778.659	9460.206
fit2	798046.5000	331770.581	-180344.721	27617.813
fit2	799545.5000	13912.646	-395166.310	31479.700
fit2	801044.5000	-223969.252	-281974.643	24736.072
fit2	802543.5000	-404206.105	-17307.014	19315.012
fit2	804042.5000	-225698.362	301449.738	6076.454
fit2	805541.5000	13857.492	387082.133	-14686.174
fit2	807040.5000	350607.442	192420.576	-28396.705
fit2	808539.5000	348860.669	-91678.031	-33396.125
fit2	810038.5000	190827.855	-353097.502	-34176.576
fit2	811537.5000	-172170.548	-324527.887	-22091.658
fit2	813036.5000	-343372.204	-173365.208	5559.889
fit2	814535.5000	-328487.338	218896.366	19230.995
fit2	816034.5000	-95104.014	355182.346	35366.321
fit2	817533.5000	231761.384	330984.725	38345.767
fit2	819032.5000	376947.627	-6927.928	29376.333
fit2	820531.5000	299252.942	-239039.192	7356.498
fit2	822030.5000	-57816.779	-393055.146	-5386.305
fit2	823529.5000	-269225.820	-235444.957	-22939.904
fit2	825028.5000	-399243.108	54156.894	-34165.891
fit2	826527.5000	-172223.818	324050.922	-28355.740
fit2	828026.5000	68621.244	384269.769	-20628.308
fit2	829525.5000	374334.035	134889.699	-11787.321
fit2	831024.5000	340355.629	-145328.597	5721.753
fit2	832523.5000	122913.398	-384648.986	21462.524
fit2	834022.5000	-229054.772	-290708.115	28289.354
fit2	835521.5000	-366692.962	-108102.032	30965.691
fit2	837020.5000	-282425.691	271027.933	30579.913
fit2	838519.5000	-47644.776	361402.268	7651.555
fit2	840018.5000	283895.060	289939.893	-8225.507
fit2	841517.5000	369784.290	-55542.152	-25310.919
fit2	843016.5000	259174.302	-289643.159	-37491.079
fit2	844515.5000	-122111.868	-377744.560	-38416.881
fit2	846014.5000	-312631.036	-183284.323	-21860.991
fit2	847513.5000	-382830.399	128134.786	-2602.149
fit2	849012.5000	-108842.885	347643.855	12749.596
fit2	850511.5000	126966.286	367036.805	35033.902
fit2	852010.5000	384098.506	71220.495	33988.786
fit2	853509.5000	322843.516	-183335.557	27874.383
fit2	855008.5000	59013.366	-401791.373	15478.820
fit2	856507.5000	-273502.390	-257823.947	2941.103
fit2	858006.5000	-384300.534	-33207.990	-18184.009
fit2	859505.5000	-225150.692	323084.678	-25051.213
fit2	861004.5000	22108.765	358721.742	-27956.285
fit2	862503.5000	327839.822	235166.014	-30068.811
fit2	864002.5000	351280.324	-103705.685	-17964.491
fit2	865501.5000	219010.321	-328015.154	309.895
fit2	867000.5000	-176212.984	-354052.811	13252.438
fit2	868499.5000	-343046.521	-138351.977	28946.960
fit2	869998.5000	-353149.242	195345.681	38116.206
fit2	871497.5000	-40860.807	364369.120	33533.437
fit2	872996.5000	192890.455	335073.340	13361.770
fit2	874495.5000	389456.478	-3404.086	282.768
fit2	875994.5000	289454.136	-224837.721	-25680.560
fit2	877493.5000	-8315.077	-404036.425	-37056.231
fit2	878992.5000	-298524.943	-220942.797	-35614.215
fit2	880491.5000	-391250.477	26920.667	-24434.299
fit2	881990.5000	-172361.047	356290.574	-11516.818
fit2	883489.5000	90138.626	352166.692	10266.943
fit2	884988.5000	367406.633	166990.853	26373.525
fit2	886487.5000	318703.976	-168697.754	27369.471
fit2	887986.5000	162608.376	-356379.008	30342.054
fit2	889485.5000	-226818.709	-315659.106	23447.770
fit2	890984.5000	-361096.099	-97439.290	5744.276
fit2	892483.5000	-318042.311	253053.949	-6962.399
fit2	893982.5000	11249.609	371338.166	-18971.167
fit2	895481.5000	252129.984	295439.432	-31295.598
fit2	896980.5000	381486.959	-74603.593	-36441.569
fit2	898479.5000	243221.913	-268417.913	-21062.965
fit2	899978.5000	-80086.840	-396297.045	-11054.390
fit2	901477.5000	-321997.707	-171689.984	9718.421
fit2	902976.5000	-385873.637	88106.411	30847.852
fit2	904475.5000	-115384.987	373785.947	37904.337
fit2	905974.5000	143511.198	341388.260	33534.683
fit2	907473.5000	392116.329	100998.317	21836.376
fit2	908972.5000	286835.186	-223197.689	4226.912
fit2	910471.5000	96147.081	-379010.420	-23180.857
fit2	911970.5000	-278208.372	-264569.154	-28248.273
fit2	913469.5000	-366463.153	-46696.720	-34025.240
fit2	914968.5000	-270578.761	300664.983	-28775.879
fit2	916467.5000	56668.994	367060.133	-14647.726
fit2	917966.5000	305008.141	251736.209	4262.208
fit2	919465.5000	366800.496	-138236.294	13324.377
fit2	920964.5000	189013.166	-311969.876	25637.539
fit2	922463.5000	-150984.194	-373332.647	33689.356
fit2	923962.5000	-339446.392	-115005.565	26112.404
fit2	925461.5000	-369228.124	145771.699	14640.326
fit2	926960.5000	-56074.620	382016.842	3892.582
fit2	928459.5000	190766.400	324764.945	-19132.934
fit2	929958.5000	403870.340	31979.781	-32254.338
fit2	931457.5000	251349.634	-268915.936	-36775.977
fit2	932956.5000	22217.784	-390964.618	-28953.304
fit2	934455.5000	-323742.562	-209301.304	-19319.184
fit2	935954.5000	-366944.660	15920.889	9992.573
fit2	937453.5000	-213113.117	341633.750	25749.631
fit2	938952.5000	100665.177	349250.908	34282.945
fit2	940451.5000	341924.362	204228.944	36181.110
fit2	941950.5000	341539.014	-187951.378	25213.930
fit2	943449.5000	138158.572	-347409.886	5006.764
fit2	944948.5000	-218898.398	-340790.147	-11728.159
fit2	946447.5000	-358258.776	-42772.620	-20594.664
fit2	947946.5000	-332464.839	210654.998	-33531.122
fit2	949445.5000	12371.527	379925.874	-29667.035
fit2	950944.5000	228811.984	297351.721	-17202.351
fit2	952443.5000	403005.303	-32006.998	-9068.339
fit2	953942.5000	219432.622	-299220.454	7543.741
fit2	955441.5000	-47566.266	-394395.821	24115.903
fit2	956940.5000	-356640.180	-152471.259	33324.434
fit2	958439.5000	-355820.280	88145.258	29992.280
fit2	959938.5000	-143904.762	375769.842	27550.844
fit2	961437.5000	159517.747	321216.810	7129.541
fit2	962936.5000	371260.044	147412.082	-16372.238
fit2	964435.5000	303576.058	-232232.100	-28287.940
fit2	965934.5000	94033.775	-365835.472	-38155.230
fit2	967433.5000	-270503.231	-300520.670	-34833.253
fit2	968932.5000	-366708.516	10930.431	-20060.401
fit2	970431.5000	-288844.136	270315.078	4875.456
fit2	971930.5000	88749.397	371183.998	15370.205
fit2	973429.5000	274868.352	246233.706	32891.973
fit2	974928.5000	387154.771	-103804.190	34924.138
fit2	976427.5000	176413.414	-318425.953	24300.485
fit2	977926.5000	-108342.311	-386508.097	11629.695
fit2	979425.5000	-373778.580	-101597.186	323.622
fit2	980924.5000	-344550.673	148567.840	-18058.025
fit2	982423.5000	-74352.251	396522.073	-28915.165
fit2	983922.5000	215844.904	284722.863	-29059.609
fit2	985421.5000	389331.080	78473.877	-26970.110
fit2	986920.5000	253291.195	-279264.078	-19457.981
fit2	988419.5000	42639.644	-376415.690	5663.719
fit2	989918.5000	-315694.723	-250007.661	18442.593
fit2	991417.5000	-364012.062	56752.793	32460.947
fit2	992916.5000	-239389.174	318551.140	37012.881
fit2	994415.5000	146374.702	353982.145	32783.544
fit2	995914.5000	315886.754	194981.526	8399.218
fit2	997413.5000	361562.098	-174126.905	-7428.209
fit2	998912.5000	118490.285	-336931.571	-25260.475
fit2	1000411.5000	-169713.639	-362801.160	-39144.645
fit2	1001910.5000	-376411.204	-44461.749	-32878.493
fit2	1003409.5000	-325917.887	198657.546	-20304.213
fit2	1004908.5000	-7821.555	404405.489	-5680.786
fit2	1006407.5000	265236.519	251109.923	9921.240
fit2	1007906.5000	397754.331	3035.615	28313.213
fit2	1009405.5000	196101.184	-319779.348	28999.969
fit2	1010904.5000	-16953.854	-374603.826	26625.783
fit2	1012403.5000	-350457.303	-191634.979	23173.666
fit2	1013902.5000	-352517.503	98577.877	4246.933
fit2	1015401.5000	-185522.405	358251.677	-11245.467
fit2	1016900.5000	197538.101	329143.082	-23253.646
fit2	1018399.5000	351516.688	135850.013	-32172.745
fit2	1019898.5000	324254.819	-236234.729	-36562.745
fit2	1021397.5000	54457.105	-352967.865	-21742.344
fit2	1022896.5000	-230984.743	-327633.594	-2645.678
fit2	1024395.5000	-372821.586	17957.868	12315.928
fit2	1025894.5000	-297597.126	240357.461	34483.556
fit2	1027393.5000	56002.881	395823.427	38357.267
fit2	1028892.5000	297772.930	217776.365	31551.415
fit2	1030391.5000	395693.413	-68881.490	14846.593
fit2	1031890.5000	138873.480	-354893.405	737.798
fit2	1033389.5000	-92007.890	-362674.091	-23812.084
fit2	1034888.5000	-379457.369	-119534.895	-31818.744
fit2	1036387.5000	-325344.520	150025.503	-29970.370
fit2	1037886.5000	-127764.493	382592.300	-25927.505
fit2	1039385.5000	233886.903	296962.972	-13098.639
fit2	1040884.5000	375673.534	86199.881	6492.040
fit2	1042383.5000	281125.064	-288510.922	17412.248
fit2	1043882.5000	-10545.267	-363391.665	26357.670
fit2	1045381.5000	-288620.258	-276026.962	32925.893
fit2	1046880.5000	-360489.261	90688.625	29893.940
fit2	1048379.5000	-251430.627	284630.767	9562.826
fit2	1049878.5000	123358.805	378046.982	-312.672
fit2	1051377.5000	319347.361	180796.680	-22486.771
fit2	1052876.5000	381249.782	-131755.554	-35426.734
fit2	1054375.5000	89696.252	-368927.535	-37900.191
fit2	1055874.5000	-155430.529	-346622.600	-25078.635
fit2	1057373.5000	-397749.297	-49309.501	-12421.651
fit2	1058872.5000	-287956.968	211549.171	10364.510
fit2	1060371.5000	-53925.947	397700.324	31706.452
fit2	1061870.5000	276318.196	244788.261	32833.982
fit2	1063369.5000	384222.063	33939.605	32485.113
fit2	1064868.5000	231795.233	-324754.340	21386.822
fit2	1066367.5000	-55239.481	-365671.659	2932.151
fit2	1067866.5000	-336130.747	-222951.216	-15695.508
fit2	1069365.5000	-342660.114	153341.845	-22157.775
fit2	1070864.5000	-192162.494	324905.843	-30635.186
fit2	1072363.5000	191748.536	345685.648	-31811.827
fit2	1073862.5000	337365.537	126323.059	-15833.405
fit2	1075361.5000	355521.448	-194155.146	-4665.151
fit2	1076860.5000	38101.047	-373540.718	9630.010
fit2	1078359.5000	-210832.774	-324503.053	27318.323
fit2	1079858.5000	-399082.126	15352.476	36100.584
fit2	1081357.5000	-253611.065	258174.084	31299.799
fit2	1082856.5000	18579.341	401812.576	20946.733
fit2	1084355.5000	315305.581	189127.508	6174.362
fit2	1085854.5000	383086.504	-28670.019	-22552.003
fit2	1087353.5000	168266.867	-355900.131	-31898.919
fit2	1088852.5000	-98923.014	-353564.177	-36680.729
fit2	1090351.5000	-369538.605	-164668.827	-30736.603
fit2	1091850.5000	-320517.771	200270.285	-16268.569
fit2	1093349.5000	-132189.289	360469.805	8547.480
fit2	1094848.5000	252255.456	306500.887	20562.171
fit2	1096347.5000	351610.129	62579.075	29435.411
fit2	1097846.5000	313986.076	-252164.755	34487.906
fit2	1099345.5000	-18037.991	-366452.872	23379.289
fit2	1100844.5000	-256399.716	-295373.380	7406.942
fit2	1102343.5000	-389657.641	77502.995	-2423.873
fit2	1103842.5000	-217025.720	299847.814	-19252.455
fit2	1105341.5000	93533.636	392737.622	-30679.573
fit2	1106840.5000	346376.083	131830.818	-33048.607
fit2	1108339.5000	369964.481	-97550.017	-23068.536
fit2	1109838.5000	100581.932	-378886.118	-17657.568
fit2	1111337.5000	-146181.994	-333603.810	8601.518
fit2	1112836.5000	-392110.184	-102239.708	24810.046
fit2	1114335.5000	-288666.486	235313.001	34384.200
fit2	1115834.5000	-73917.922	382203.748	35818.525
fit2	1117333.5000	299949.251	261563.369	28325.244
fit2	1118832.5000	364036.262	-5062.201	6682.012
fit2	1120331.5000	260585.793	-307925.946	-15677.727
fit2	1121830.5000	-88260.679	-352644.780	-24948.816
fit2	1123329.5000	-298169.664	-247708.691	-37836.119
fit2	1124828.5000	-365856.040	136786.048	-31650.558
fit2	1126327.5000	-184701.294	322710.149	-16144.133
fit2	1127826.5000	156811.842	374758.163	-1108.549
fit2	1129325.5000	366992.915	80423.072	11530.412
fit2	1130824.5000	346466.729	-170210.193	27492.182
fit2	1132323.5000	26460.271	-392749.182	32463.725
fit2	1133822.5000	-204701.504	-295223.107	24915.957
fit2	1135321.5000	-402665.054	-30340.106	20232.692
fit2	1136820.5000	-245768.505	271337.443	4760.645
fit2	1138319.5000	-18806.502	393863.378	-16497.732
fit2	1139818.5000	331871.120	212347.898	-27053.783
fit2	1141317.5000	365556.854	-56037.872	-34281.664
fit2	1142816.5000	202310.950	-350061.591	-33435.853
fit2	1144315.5000	-152952.692	-334638.860	-22401.328
fit2	1145814.5000	-338835.789	-186512.908	4715.000
fit2	1147313.5000	-330149.530	205497.611	17167.170
fit2	1148812.5000	-130506.687	341001.908	34297.305
fit2	1150311.5000	215632.277	341718.365	38627.523
fit2	1151810.5000	369338.075	37448.488	28016.708
fit2	1153309.5000	322258.256	-225359.500	9623.985
fit2	1154808.5000	-36319.702	-394006.613	-4643.211
fit2	1156307.5000	-258841.285	-255698.955	-22259.307
fit2	1157806.5000	-400404.202	46705.060	-34170.623
fit2	1159305.5000	-186019.704	308247.182	-28959.105
fit2	1160804.5000	44935.302	389554.765	-21365.057
fit2	1162303.5000	357738.633	152121.778	-12819.263
fit2	1163802.5000	359744.893	-102009.452	9008.848
fit2	1165301.5000	140875.683	-380523.394	20871.777
fit2	1166800.5000	-199838.840	-312523.251	29506.144
fit2	1168299.5000	-369115.115	-123275.694	31282.730
fit2	1169798.5000	-288898.947	260859.152	30718.124
fit2	1171297.5000	-69732.598	356065.857	7186.409
fit2	1172796.5000	274112.693	297065.007	-7701.344
fit2	1174295.5000	363021.298	-18893.769	-23842.702
fit2	1175794.5000	285650.098	-273656.182	-38064.213
fit2	1177293.5000	-92990.890	-379335.481	-36424.490
fit2	1178792.5000	-300264.395	-219415.687	-22383.218
fit2	1180291.5000	-388310.255	117460.939	-4350.366
fit2	1181790.5000	-130114.174	339938.227	11430.848
fit2	1183289.5000	114130.015	373254.317	33755.022
fit2	1184788.5000	373925.231	82768.675	33834.476
fit2	1186287.5000	339027.551	-147852.789	27461.764
fit2	1187786.5000	76717.289	-397646.456	18125.860
fit2	1189285.5000	-236528.312	-286047.703	720.746
fit2	1190784.5000	-391515.506	-56915.171	-17748.223
fit2	1192283.5000	-242020.492	307856.830	-25660.847
fit2	1193782.5000	-315.883	365442.282	-29108.872
fit2	1195281.5000	322645.983	241373.766	-31010.563
fit2	1196780.5000	350076.610	-77871.448	-17673.628
fit2	1198279.5000	239973.601	-316423.555	1442.175
fit2	1199778.5000	-149186.094	-355172.758	12284.980
fit2	1201277.5000	-329406.628	-181826.044	30676.481
fit2	1202776.5000	-362050.972	180445.317	36888.190
fit2	1204275.5000	-77369.251	360846.476	32619.201
fit2	1205774.5000	185183.053	346671.519	14413.858
fit2	1207273.5000	386295.587	10491.047	1537.194
fit2	1208772.5000	303781.021	-204438.500	-24254.918
fit2	1210271.5000	4382.020	-401553.317	-36176.855
fit2	1211770.5000	-265561.311	-247203.039	-33852.264
fit2	1213269.5000	-399397.049	577.527	-26395.011
fit2	1214768.5000	-196560.496	336425.917	-11622.943
fit2	1216267.5000	61102.067	369553.662	10014.876
fit2	1217766.5000	363956.630	177237.480	24930.613
fit2	1219265.5000	328851.383	-148861.754	28354.677
fit2	1220764.5000	175021.945	-352362.556	31206.448
fit2	1222263.5000	-208491.683	-317816.625	24954.498
fit2	1223762.5000	-349881.747	-135196.702	3814.482
fit2	1225261.5000	-327576.082	236777.533	-5934.349
fit2	1226760.5000	-35576.108	368295.550	-21382.576
fit2	1228259.5000	243821.061	313531.383	-31848.930
fit2	1229758.5000	384042.190	-52801.083	-35716.598
fit2	1231257.5000	260057.552	-260422.779	-21647.071
fit2	1232756.5000	-72651.251	-396574.488	-11386.204
fit2	1234255.5000	-303217.431	-190105.831	8693.093
fit2	1235754.5000	-392707.300	67070.787	30926.568
fit2	1237253.5000	-138805.587	354802.615	35378.646
fit2	1238752.5000	106750.578	363140.443	33711.160
fit2	1240251.5000	387207.586	117840.057	22598.786
fit2	1241750.5000	309534.652	-198350.863	4381.755
fit2	1243249.5000	106300.775	-381335.562	-20603.303
fit2	1244748.5000	-267460.057	-271280.000	-27569.266
fit2	1246247.5000	-362112.146	-68935.150	-33447.720
fit2	1247746.5000	-276823.414	289865.127	-30963.930
fit2	1249245.5000	13603.349	363638.096	-13404.198
fit2	1250744.5000	293551.183	274728.208	3074.431
fit2	1252243.5000	371482.839	-105649.267	14049.221
fit2	1253742.5000	218625.227	-305198.626	27356.353
fit2	1255241.5000	-141627.008	-377487.034	33897.656
fit2	1256740.5000	-332157.698	-133728.523	26971.647
fit2	1258239.5000	-374261.753	135044.849	14625.045
fit2	1259738.5000	-70808.895	369869.640	4835.474
fit2	1261237.5000	157995.740	343694.605	-21017.115
fit2	1262736.5000	398674.428	50203.073	-30950.915
fit2	1264235.5000	283629.106	-234427.284	-35653.912
fit2	1265734.5000	39621.187	-397353.771	-29628.915
fit2	1267233.5000	-309447.868	-227528.708	-19022.871
fit2	1268732.5000	-372204.250	-1741.965	8245.550
fit2	1270231.5000	-218154.306	336025.802	24101.244
fit2	1271730.5000	71799.448	348695.093	32244.183
fit2	1273229.5000	333131.990	222634.160	37236.183
fit2	1274728.5000	345456.433	-155512.649	24934.319
fit2	1276227.5000	178117.531	-339057.738	5167.682
fit2	1277726.5000	-203135.094	-349162.774	-9621.884
fit2	1279225.5000	-357158.342	-77129.279	-22153.014
fit2	1280724.5000	-341050.087	204870.018	-33427.018
fit2	1282223.5000	-2351.688	375447.096	-31142.948
fit2	1283722.5000	208683.140	311995.582	-17109.561
fit2	1285221.5000	398827.628	-19022.513	-10782.860
fit2	1286720.5000	250840.733	-265848.802	10209.170
fit2	1288219.5000	-26289.851	-402541.158	24814.447
fit2	1289718.5000	-337172.967	-180793.165	32425.541
fit2	1291217.5000	-372023.281	65640.865	31057.945
fit2	1292716.5000	-154014.520	371514.675	27089.458
fit2	1294215.5000	138843.714	330581.674	7704.614
fit2	1295714.5000	367639.845	158835.004	-15812.746
fit2	1297213.5000	307681.312	-208571.368	-25838.817
fit2	1298712.5000	130504.666	-359025.462	-38095.551
fit2	1300211.5000	-252444.739	-309932.513	-34463.407
fit2	1301710.5000	-368205.622	-35642.815	-18971.434
fit2	1303209.5000	-302785.396	264818.077	1975.393
fit2	1304708.5000	65751.632	375309.727	15015.956
fit2	1306207.5000	267919.830	261248.989	31709.804
fit2	1307706.5000	386152.403	-95398.314	35753.898
fit2	1309205.5000	200041.315	-296755.462	24139.999
fit2	1310704.5000	-90408.602	-393347.330	13711.607
fit2	1312203.5000	-353401.867	-132088.525	-234.101
fit2	1313702.5000	-366779.353	119722.727	-19970.622
fit2	1315201.5000	-91348.915	391261.119	-28400.400
fit2	1316700.5000	195589.404	306701.832	-30735.217
fit2	1318199.5000	390933.953	85793.799	-27440.025
fit2	1319698.5000	260920.247	-266054.816	-20144.969
fit2	1321197.5000	65827.306	-373688.341	6529.439
fit2	1322696.5000	-302255.389	-256924.766	17178.015
fit2	1324195.5000	-365372.707	10300.595	32058.197
fit2	1325694.5000	-258124.636	310278.991	37189.208
fit2	1327193.5000	112033.698	362747.723	30886.181
fit2	1328692.5000	313753.946	217045.545	10080.782
fit2	1330191.5000	365352.093	-164981.896	-5991.554
fit2	1331690.5000	136355.160	-330035.987	-23314.812
fit2	1333189.5000	-160700.136	-367157.149	-38578.655
fit2	1334688.5000	-362282.266	-65588.231	-32295.555
fit2	1336187.5000	-346789.850	170390.603	-20874.247
fit2	1337686.5000	-28690.962	397952.622	-7886.081
fit2	1339185.5000	235559.940	285342.484	11888.901
fit2	1340684.5000	402749.544	15367.575	26973.833
fit2	1342183.5000	214185.900	-307596.561	30395.930
fit2	1343682.5000	-3745.851	-378483.798	27488.378
fit2	1345181.5000	-343738.036	-195766.965	25052.519
fit2	1346680.5000	-353761.419	66717.277	3153.806
fit2	1348179.5000	-201667.272	351070.886	-11434.359
fit2	1349678.5000	160270.302	337880.321	-22966.572
fit2	1351177.5000	348302.475	169691.415	-33696.519
fit2	1352676.5000	333254.538	-219390.606	-35143.545
fit2	1354175.5000	83440.485	-353777.629	-21934.537
fit2	1355674.5000	-226556.640	-333366.582	-3465.700
fit2	1357173.5000	-367524.158	2270.377	10459.076
fit2	1358672.5000	-312179.063	222674.277	33759.929
fit2	1360171.5000	40840.086	390241.127	37172.994
fit2	1361670.5000	266650.706	253005.199	29954.867
fit2	1363169.5000	402442.178	-51341.323	17269.897
fit2	1364668.5000	171471.461	-336820.592	225.670
fit2	1366167.5000	-75836.530	-376654.888	-22136.202
fit2	1367666.5000	-374701.799	-129476.241	-31287.542
fit2	1369165.5000	-333455.099	129333.454	-30240.578
fit2	1370664.5000	-137165.964	379042.823	-27978.171
fit2	1372163.5000	204765.459	303797.895	-13539.452
fit2	1373662.5000	372810.885	119507.422	7613.085
fit2	1375161.5000	291941.967	-268029.841	16465.779
fit2	1376660.5000	33071.215	-368752.253	28934.559
fit2	1378159.5000	-283905.637	-286925.595	33165.300
fit2	1379658.5000	-365248.793	67684.741	29982.211
fit2	1381157.5000	-264273.090	278119.264	9947.533
fit2	1382656.5000	112968.828	375801.192	742.440
fit2	1384155.5000	297172.939	208434.509	-22535.699
fit2	1385654.5000	387062.570	-116333.174	-35230.669
fit2	1387153.5000	126557.136	-349294.956	-35239.007
fit2	1388652.5000	-134399.677	-367265.432	-26244.866
fit2	1390151.5000	-392312.532	-68475.155	-12699.881
fit2	1391650.5000	-308716.797	194487.837	9282.839
fit2	1393149.5000	-60019.074	398504.130	29609.953
fit2	1394648.5000	259322.175	254371.939	31932.357
fit2	1396147.5000	383538.736	56538.869	32863.165
fit2	1397646.5000	240627.379	-307163.361	23314.281
fit2	1399145.5000	-8601.976	-371868.040	1373.250
fit2	1400644.5000	-329182.451	-238129.478	-13415.384
fit2	1402143.5000	-355372.479	118936.637	-23926.079
fit2	1403642.5000	-208353.394	325521.340	-31516.688
fit2	1405141.5000	182013.209	349201.765	-32871.060
fit2	1406640.5000	329589.340	145225.201	-16545.655
fit2	1408139.5000	359151.166	-185431.859	-5444.220
fit2	1409638.5000	67174.129	-358414.789	9656.226
fit2	1411137.5000	-188469.930	-345563.238	29026.554
fit2	1412636.5000	-392617.533	-9370.752	34276.809
fit2	1414135.5000	-286282.758	235880.131	31429.456
fit2	1415634.5000	9369.283	405049.697	21321.042
fit2	1417133.5000	304968.176	207022.814	6676.514
fit2	1418632.5000	386501.400	-18453.546	-20873.312
fit2	1420131.5000	173695.300	-346878.123	-30224.487
fit2	1421630.5000	-64745.145	-358396.695	-35063.698
fit2	1423129.5000	-362500.963	-178778.051	-32237.835
fit2	1424628.5000	-335350.839	159052.562	-15068.688
fit2	1426127.5000	-158440.798	361239.796	6552.864
fit2	1427626.5000	234880.262	317116.998	19483.500
fit2	1429125.5000	354051.618	85059.548	29786.453
fit2	1430624.5000	317261.061	-248900.938	35217.747
fit2	1432123.5000	-269.440	-360220.940	24809.667
fit2	1433622.5000	-241428.129	-309733.010	7915.687
fit2	1435121.5000	-383353.410	57743.640	-840.789
fit2	1436620.5000	-254457.118	273285.425	-22146.084
fit2	1438119.5000	77996.175	397847.684	-30517.686
fit2	1439618.5000	331689.739	165770.241	-33097.435
fit2	1441117.5000	380380.385	-87527.989	-24143.114
fit2	1442616.5000	110118.879	-373949.407	-17957.864
fit2	1444115.5000	-126585.816	-340686.070	8133.330
fit2	1445614.5000	-388199.787	-110029.557	24220.807
fit2	1447113.5000	-299739.300	202290.558	31958.412
fit2	1448612.5000	-102147.006	382638.172	36459.798
fit2	1450111.5000	276370.806	276020.101	27310.942
fit2	1451610.5000	372364.546	32800.472	6750.833
fit2	1453109.5000	269223.261	-303162.773	-13009.290
fit2	1454608.5000	-66344.020	-357681.279	-24236.855
fit2	1456107.5000	-292935.169	-258033.376	-37044.332
fit2	1457606.5000	-362232.168	123758.123	-32843.753
fit2	1459105.5000	-214617.519	301932.838	-15609.028
fit2	1460604.5000	142405.412	378916.004	-4072.195
fit2	1462103.5000	349502.611	122586.098	13390.573
fit2	1463602.5000	364592.327	-155133.411	28093.722
fit2	1465101.5000	47649.103	-387926.781	32668.758
fit2	1466600.5000	-190725.021	-312936.461	26583.438
fit2	1468099.5000	-402037.756	-35652.179	21346.105
fit2	1469598.5000	-257326.194	250488.542	5130.700
fit2	1471097.5000	-39274.250	394875.573	-17525.777
fit2	1472596.5000	310448.075	224725.368	-25393.555
fit2	1474095.5000	375981.744	-13355.691	-34843.918
fit2	1475594.5000	215671.141	-342624.885	-33092.698
fit2	1477093.5000	-119534.606	-350414.127	-21046.632
fit2	1478592.5000	-340268.461	-198405.667	2671.878
fit2	1480091.5000	-334043.015	193948.060	15721.750
fit2	1481590.5000	-150814.840	333089.855	32583.305
fit2	1483089.5000	206365.586	344159.245	38750.704
fit2	1484588.5000	354526.466	74275.255	26547.506
fit2	1486087.5000	341354.008	-208985.515	11728.562
fit2	1487586.5000	-6771.526	-388759.316	-3710.647
fit2	1489085.5000	-243435.141	-285625.781	-22940.044
fit2	1490584.5000	-402415.780	38573.256	-33149.891
fit2	1492083.5000	-203902.316	298135.468	-30627.652
fit2	1493582.5000	35977.241	392605.441	-22789.538
fit2	1495081.5000	344787.580	160694.798	-14853.350
fit2	1496580.5000	368445.449	-67054.697	10745.989
fit2	1498079.5000	154361.202	-372343.178	20105.763
fit2	1499578.5000	-158522.231	-332923.568	30350.975
fit2	1501077.5000	-371996.921	-141877.519	32529.755
fit2	1502576.5000	-301502.908	243690.724	29697.187
fit2	1504075.5000	-86573.921	359242.311	8331.407
fit2	1505574.5000	270566.481	299140.687	-6862.949
fit2	1507073.5000	356958.014	3319.209	-22056.118
fit2	1508572.5000	299421.423	-261873.938	-38026.758
fit2	1510071.5000	-66160.359	-373799.877	-34587.382
fit2	1511570.5000	-280390.776	-255980.746	-22026.817
fit2	1513069.5000	-391982.842	102285.419	-6541.574
fit2	1514568.5000	-163216.406	329725.790	11688.119
fit2	1516067.5000	109031.603	380564.047	31465.101
fit2	1517566.5000	368787.252	92130.707	34098.509
fit2	1519065.5000	346069.416	-129540.516	27586.871
fit2	1520564.5000	83967.591	-392249.866	21101.043
fit2	1522063.5000	-199847.918	-302972.679	-71.043
fit2	1523562.5000	-393920.998	-80041.758	-17406.673
fit2	1525061.5000	-261219.546	282543.815	-25615.759
fit2	1526560.5000	-29504.519	375476.576	-31311.514
fit2	1528059.5000	317681.865	248297.375	-31486.130
fit2	1529558.5000	354236.630	-58637.101	-18671.642
fit2	1531057.5000	247637.783	-312279.991	1146.107
fit2	1532556.5000	-132723.045	-351405.684	10855.359
fit2	1534055.5000	-312450.791	-212063.187	31458.973
fit2	1535554.5000	-365114.209	164864.203	36149.792
fit2	1537053.5000	-122351.818	347401.682	30427.698
fit2	1538552.5000	175108.062	360815.937	16068.795
fit2	1540051.5000	382969.944	33449.736	1702.388
fit2	1541550.5000	317875.212	-194148.258	-22343.339
fit2	1543049.5000	8833.125	-399626.956	-34917.957
fit2	1544548.5000	-242168.263	-260754.494	-32391.881
fit2	1546047.5000	-401196.761	-16302.944	-28000.382
fit2	1547546.5000	-214175.450	311323.943	-12501.848
fit2	1549045.5000	23894.168	382993.278	10611.403
fit2	1550544.5000	355368.343	190691.293	22746.795
fit2	1552043.5000	346113.181	-118313.317	30245.074
fit2	1553542.5000	183267.120	-353565.147	32146.476
fit2	1555041.5000	-195111.643	-321293.052	26796.952
fit2	1556540.5000	-342211.435	-155704.171	4057.032
fit2	1558039.5000	-328901.456	225805.352	-4390.238
fit2	1559538.5000	-77460.917	355794.614	-22697.343
fit2	1561037.5000	231886.897	329667.270	-33085.535
fit2	1562536.5000	381269.808	-19107.049	-33905.358
fit2	1564035.5000	285588.971	-250635.061	-22778.514
fit2	1565534.5000	-63669.778	-397682.643	-11673.832
fit2	1567033.5000	-292471.528	-208167.049	7747.808
fit2	1568532.5000	-395380.018	59343.615	29951.959
fit2	1570031.5000	-152250.528	337885.161	33292.308
fit2	1571530.5000	74675.503	375041.863	33200.776
fit2	1573029.5000	376842.583	132394.887	23819.898
fit2	1574528.5000	334429.082	-159285.398	2967.366
fit2	1576027.5000	119416.155	-384708.583	-17538.299
fit2	1577526.5000	-250251.575	-286211.538	-27417.908
fit2	1579025.5000	-365440.683	-82655.887	-33376.182
fit2	1580524.5000	-278169.591	284663.859	-32776.437
fit2	1582023.5000	-14565.411	357850.458	-13962.519
fit2	1583522.5000	283885.760	287261.446	1354.162
fit2	1585021.5000	368457.793	-71364.703	13737.087
fit2	1586520.5000	251511.277	-292641.111	29726.453
fit2	1588019.5000	-125600.460	-380850.229	33472.251
fit2	1589518.5000	-326255.203	-163423.480	28187.875
fit2	1591017.5000	-378766.826	132414.536	15773.005
fit2	1592516.5000	-81952.448	363713.118	5731.733
fit2	1594015.5000	140692.527	352081.861	-21057.334
fit2	1595514.5000	391095.722	59425.712	-29935.877
fit2	1597013.5000	306606.561	-196855.682	-33910.977
fit2	1598512.5000	57418.307	-399988.610	-30698.708
fit2	1600011.5000	-283977.025	-252014.088	-17474.145
fit2	1601510.5000	-382708.250	-21592.806	6468.876
fit2	1603009.5000	-224517.691	331047.181	22182.137
fit2	1604508.5000	54868.308	352540.517	30967.366
fit2	1606007.5000	330049.602	227919.787	37440.877
fit2	1607506.5000	342918.560	-133099.177	25753.803
fit2	1609005.5000	207768.237	-326654.271	5479.541
fit2	1610504.5000	-184358.772	-352445.776	-6747.738
fit2	1612003.5000	-349023.333	-121751.953	-24281.140
fit2	1613502.5000	-351227.309	198333.096	-33183.283
fit2	1615001.5000	-24563.754	373955.551	-32451.841
fit2	1616500.5000	201825.074	321844.250	-18834.213
fit2	1617999.5000	395319.583	-14787.471	-12711.448
fit2	1619498.5000	266711.501	-241440.242	10488.759
fit2	1620997.5000	-12350.673	-404213.551	25467.227
fit2	1622496.5000	-310099.542	-204957.689	30934.853
fit2	1623995.5000	-386687.381	36458.500	32339.586
fit2	1625494.5000	-169079.517	361710.484	26309.730
fit2	1626993.5000	113615.181	347456.491	7631.690
fit2	1628492.5000	368351.836	163712.490	-14133.898
fit2	1629991.5000	311059.902	-193856.311	-24102.604
fit2	1631490.5000	149202.517	-353268.269	-37124.029
fit2	1632989.5000	-238605.866	-310758.285	-34702.593
fit2	1634488.5000	-359346.962	-80068.232	-17188.635
fit2	1635987.5000	-315730.603	255329.832	-1122.472
fit2	1637486.5000	28612.072	376102.526	15154.329
fit2	1638985.5000	262694.505	281775.016	31148.851
fit2	1640484.5000	386681.237	-85782.454	35828.904
fit2	1641983.5000	216960.217	-285361.346	25449.325
fit2	1643482.5000	-84000.351	-394717.656	16136.691
fit2	1644981.5000	-333048.171	-151070.392	931.123
fit2	1646480.5000	-380528.020	92330.289	-21512.274
fit2	1647979.5000	-108733.558	379117.767	-27353.683
fit2	1649478.5000	161390.669	333655.850	-32349.490
fit2	1650977.5000	393117.324	95689.552	-28509.206
fit2	1652476.5000	277341.201	-248849.527	-19818.564
fit2	1653975.5000	77136.066	-376417.986	5461.511
fit2	1655474.5000	-294376.068	-258471.988	16061.874
fit2	1656973.5000	-361301.891	-21696.559	30995.632
fit2	1658472.5000	-268342.496	301856.735	37612.253
fit2	1659971.5000	71378.960	363732.370	28250.119
fit2	1661470.5000	307487.067	244410.093	11345.919
fit2	1662969.5000	369786.661	-146758.062	-4565.982
fit2	1664468.5000	163125.587	-327239.872	-22810.447
fit2	1665967.5000	-158893.138	-369958.876	-36908.897
fit2	1667466.5000	-354021.752	-80221.727	-32660.796
fit2	1668965.5000	-356414.209	154378.929	-21761.737
fit2	1670464.5000	-42186.538	387631.859	-10918.751
fit2	1671963.5000	199843.957	313162.395	13490.147
fit2	1673462.5000	404472.910	29718.692	25443.493
fit2	1674961.5000	242504.732	-284230.580	31537.963
fit2	1676460.5000	8420.160	-388092.349	29538.648
fit2	1677959.5000	-338000.129	-202518.676	26172.133
fit2	1679458.5000	-357415.538	49806.182	4418.508
fit2	1680957.5000	-205898.722	347647.957	-10857.210
fit2	1682456.5000	130651.703	338693.227	-22009.316
fit2	1683955.5000	340953.963	196457.572	-35137.782
fit2	1685454.5000	338570.411	-196181.497	-33610.451
fit2	1686953.5000	123419.417	-351419.412	-21275.401
fit2	1688452.5000	-221798.053	-340116.998	-5025.798
fit2	1689951.5000	-368129.585	-18713.849	9976.153
fit2	1691450.5000	-319087.048	218896.805	31843.962
fit2	1692949.5000	34901.875	385214.384	36455.262
fit2	1694448.5000	242327.443	272360.287	28537.097
fit2	1695947.5000	402926.621	-39076.950	19860.595
fit2	1697446.5000	203460.825	-309055.215	-246.894
fit2	1698945.5000	-54971.309	-391061.733	-20909.777
fit2	1700444.5000	-365028.959	-146627.697	-30129.984
fit2	1701943.5000	-348284.299	111144.557	-31720.622
fit2	1703442.5000	-139231.333	378969.003	-29631.377
fit2	1704941.5000	188375.668	307071.687	-15697.802
fit2	1706440.5000	368933.423	136021.356	7180.730
fit2	1707939.5000	294341.264	-250017.292	14779.628
fit2	1709438.5000	76776.492	-364905.006	30897.489
fit2	1710937.5000	-274790.787	-297264.713	33814.688
fit2	1712436.5000	-369926.012	30197.248	28937.259
fit2	1713935.5000	-278328.400	276544.916	11653.033
fit2	1715434.5000	102900.766	376203.124	1239.976
fit2	1716933.5000	286558.047	223486.171	-21456.821
fit2	1718432.5000	386729.208	-111311.735	-34872.133
fit2	1719931.5000	151069.097	-327384.849	-32722.460
fit2	1721430.5000	-113058.431	-381027.976	-26983.391
fit2	1722929.5000	-378978.055	-90838.699	-13139.017
fit2	1724428.5000	-335911.482	166626.329	9700.231
fit2	1725927.5000	-68074.216	399419.398	26684.666
fit2	1727426.5000	243193.237	270875.542	32015.676
fit2	1728925.5000	385616.121	64889.272	33136.390
fit2	1730424.5000	242438.267	-295936.815	25821.076
fit2	1731923.5000	24843.894	-370058.081	1188.928
fit2	1733422.5000	-320436.024	-246536.212	-10732.128
fit2	1734921.5000	-361096.157	74608.151	-24947.849
fit2	1736420.5000	-230042.021	323322.443	-33259.501
fit2	1737919.5000	161702.129	355451.714	-32833.088
fit2	1739418.5000	328397.864	167683.596	-18465.386
fit2	1740917.5000	360284.560	-183025.004	-6760.455
fit2	1742416.5000	85692.495	-348205.265	8810.504
fit2	1743915.5000	-175209.409	-355267.567	29858.874
fit2	1745414.5000	-380407.080	-28634.124	32639.295
fit2	1746913.5000	-316018.884	205681.029	30893.963
fit2	1748412.5000	-3700.626	404994.506	22202.103
fit2	1749911.5000	284288.090	238227.634	5178.055
fit2	1751410.5000	394743.474	-11248.519	-18427.292
fit2	1752909.5000	181946.809	-339882.651	-28939.934
fit2	1754408.5000	-47062.976	-362515.646	-33836.778
fit2	1755907.5000	-357579.700	-182213.800	-33600.125
fit2	1757406.5000	-340611.697	122290.020	-14558.610
fit2	1758905.5000	-181002.187	357828.643	4652.348
fit2	1760404.5000	207536.995	326329.744	17804.005
fit2	1761903.5000	356778.832	118448.217	31329.226
fit2	1763402.5000	322137.142	-244296.308	35139.432
fit2	1764901.5000	19811.798	-361621.498	26923.359
fit2	1766400.5000	-238647.767	-314925.334	9987.603
fit2	1767899.5000	-376827.771	47119.994	1347.606
fit2	1769398.5000	-277323.852	250573.304	-23306.647
fit2	1770897.5000	65113.687	396766.053	-30478.171
fit2	1772396.5000	306210.005	203479.345	-32418.119
fit2	1773895.5000	392353.976	-74551.985	-26031.475
fit2	1775394.5000	129703.611	-365337.559	-17024.780
fit2	1776893.5000	-114889.868	-353110.377	6868.609
fit2	1778392.5000	-387155.418	-110818.929	23073.114
fit2	1779891.5000	-304857.130	183240.483	30162.500
fit2	1781390.5000	-115921.577	380767.663	36596.654
fit2	1782889.5000	252274.914	282682.823	26895.217
fit2	1784388.5000	373877.852	73148.141	6038.112
fit2	1785887.5000	278354.157	-293168.686	-9792.023
fit2	1787386.5000	-31507.030	-366197.755	-24772.087
fit2	1788885.5000	-294050.658	-266334.642	-35885.916
fit2	1790384.5000	-362388.799	113797.100	-34116.329
fit2	1791883.5000	-227942.512	292413.697	-16801.930
fit2	1793382.5000	137031.200	376775.643	-7419.798
fit2	1794881.5000	327678.945	153336.881	13395.623
fit2	1796380.5000	377253.290	-138997.463	28792.586
fit2	1797879.5000	75728.860	-375169.833	32051.197
fit2	1799378.5000	-171339.346	-337217.091	28893.442
fit2	1800877.5000	-401455.222	-42895.460	22318.419
fit2	1802376.5000	-272159.512	236438.990	5928.669
fit2	1803875.5000	-44429.802	396180.423	-16938.804
fit2	1805374.5000	296111.862	227998.084	-23979.167
fit2	1806873.5000	377275.240	17900.925	-34697.398
fit2	1808372.5000	223429.001	-331928.954	-33389.657
fit2	1809871.5000	-74109.225	-361229.863	-18366.866
fit2	1811370.5000	-340319.448	-214193.363	377.204
fit2	1812869.5000	-342934.891	172421.310	15004.565
fit2	1814368.5000	-168000.415	333587.204	31265.757
fit2	1815867.5000	203646.650	343544.510	38324.680
fit2	1817366.5000	342871.102	95815.166	26269.869
fit2	1818865.5000	349669.509	-198821.055	13872.722
fit2	1820364.5000	19172.434	-375973.618	-1680.205
fit2	1821863.5000	-219751.891	-315282.840	-24087.547
fit2	1823362.5000	-401175.201	24545.608	-31499.974
fit2	1824861.5000	-235153.775	281014.742	-32439.002
fit2	1826360.5000	31950.470	398422.558	-24986.857
fit2	1827859.5000	335994.221	170294.105	-16705.251
fit2	1829358.5000	372818.741	-49554.623	10046.644
fit2	1830857.5000	157970.525	-364945.459	19095.663
fit2	1832356.5000	-118346.054	-342928.590	30326.486
fit2	1833855.5000	-370710.576	-159209.229	34328.953
fit2	1835354.5000	-315555.719	213142.658	27588.571
fit2	1836853.5000	-112728.064	365182.238	9277.099
fit2	1838352.5000	264730.734	303650.257	-5733.510
fit2	1839851.5000	358664.906	23479.436	-21258.175
fit2	1841350.5000	303209.898	-259927.327	-37077.693
fit2	1842849.5000	-49014.194	-366184.646	-33620.970
fit2	1844348.5000	-261345.856	-280322.547	-21496.855
fit2	1845847.5000	-389482.476	86803.432	-9264.182
fit2	1847346.5000	-204335.705	308633.957	12990.384
fit2	1848845.5000	101346.689	389900.730	29041.530
fit2	1850344.5000	361789.938	113707.158	34190.173
fit2	1851843.5000	356321.340	-121980.938	29029.981
fit2	1853342.5000	85220.601	-389242.479	23730.125
fit2	1854841.5000	-176479.365	-311257.268	1356.536
fit2	1856340.5000	-392861.446	-91846.324	-16306.039
fit2	1857839.5000	-274288.411	252892.902	-24671.082
fit2	1859338.5000	-62908.524	381522.389	-33793.872
fit2	1860837.5000	305874.005	257974.204	-31568.933
fit2	1862336.5000	365180.875	-29272.242	-19166.375
fit2	1863835.5000	251482.586	-314234.740	-590.197
fit2	1865334.5000	-121340.541	-352049.460	10084.976
fit2	1866833.5000	-304899.213	-224774.431	30954.654
fit2	1868332.5000	-361683.482	156648.013	35884.132
fit2	1869831.5000	-158983.198	327622.837	28073.214
fit2	1871330.5000	163225.396	370935.206	17910.275
fit2	1872829.5000	372629.320	67380.319	1015.624
fit2	1874328.5000	337919.465	-183325.268	-21017.337
fit2	1875827.5000	15692.141	-398627.983	-33004.826
fit2	1877326.5000	-230686.131	-273369.190	-32310.658
fit2	1878825.5000	-401526.677	-18729.764	-29292.144
fit2	1880324.5000	-221032.476	292892.991	-14791.105
fit2	1881823.5000	-4403.154	387533.103	10358.603
fit2	1883322.5000	341733.304	200546.338	19921.186
fit2	1884821.5000	361591.120	-75636.763	31997.917
fit2	1886320.5000	193833.040	-354094.420	33386.157
fit2	1887819.5000	-174441.556	-331989.735	27788.546
fit2	1889318.5000	-343566.069	-166888.346	6435.658
fit2	1890817.5000	-326972.117	222070.881	-2741.346
fit2	1892316.5000	-100816.456	344505.773	-22283.000
fit2	1893815.5000	224148.102	335716.169	-34277.440
fit2	1895314.5000	369789.670	13779.654	-31904.385
fit2	1896813.5000	312301.763	-234348.275	-23630.515
fit2	1898312.5000	-46879.738	-396035.251	-11970.736
fit2	1899811.5000	-279960.111	-237069.959	8203.559
fit2	1901310.5000	-398851.288	58097.405	27897.253
fit2	1902809.5000	-162654.072	327889.201	32224.073
fit2	1904308.5000	59643.110	379600.087	32592.709
fit2	1905807.5000	366244.958	137084.716	25707.727
fit2	1907306.5000	348933.529	-118554.301	1620.501
fit2	1908805.5000	132854.434	-383782.128	-14447.410
fit2	1910304.5000	-218355.939	-305433.015	-27021.617
fit2	1911803.5000	-372879.103	-101704.864	-34275.342
fit2	1913302.5000	-282825.881	277478.949	-33631.151
fit2	1914801.5000	-33786.181	358717.987	-16186.750
fit2	1916300.5000	281805.707	289296.888	-1203.178
fit2	1917799.5000	360887.686	-47445.043	12084.183
fit2	1919298.5000	274709.039	-278702.731	31465.028
fit2	1920797.5000	-106023.725	-378068.663	32850.776
fit2	1922296.5000	-310842.625	-203998.847	28636.267
fit2	1923795.5000	-384969.474	127091.003	17719.377
fit2	1925294.5000	-105432.833	358007.493	5071.852
fit2	1926793.5000	135795.013	360439.464	-19715.579
fit2	1928292.5000	385818.125	62362.345	-29107.170
fit2	1929791.5000	318183.008	-171016.222	-32433.367
fit2	1931290.5000	66690.826	-398303.442	-31933.684
fit2	1932789.5000	-250143.294	-272461.201	-15669.655
fit2	1934288.5000	-391633.873	-46976.375	5392.654
fit2	1935787.5000	-236531.289	317769.283	19841.685
fit2	1937286.5000	30999.046	365032.500	31260.765
fit2	1938785.5000	331741.510	229240.484	36883.977
fit2	1940284.5000	343776.017	-118240.226	27453.490
fit2	1941783.5000	220558.281	-320566.752	7106.433
fit2	1943282.5000	-170696.220	-349002.892	-3182.284
fit2	1944781.5000	-333441.177	-161760.526	-25452.352
fit2	1946280.5000	-358675.906	188448.429	-32990.445
fit2	1947779.5000	-61549.606	367542.483	-32807.708
fit2	1949278.5000	197904.219	336352.439	-21849.362
fit2	1950777.5000	394045.765	-6931.801	-13830.222
fit2	1952276.5000	278282.390	-231430.656	9091.162
fit2	1953775.5000	-11011.225	-403302.560	25251.099
fit2	1955274.5000	-287404.212	-218059.942	29614.779
fit2	1956773.5000	-393719.435	13239.707	33470.473
fit2	1958272.5000	-183584.297	344571.376	25736.679
fit2	1959771.5000	77219.020	366206.818	6270.942
fit2	1961270.5000	368416.076	170454.997	-11679.724
fit2	1962769.5000	323229.552	-175665.542	-23785.928
fit2	1964268.5000	155157.930	-355651.563	-35773.936
fit2	1965767.5000	-232845.430	-308130.263	-35303.234
fit2	1967266.5000	-349589.452	-105512.106	-16642.853
fit2	1968765.5000	-319820.071	247992.464	-4416.765
fit2	1970264.5000	-11527.833	368116.877	14615.468
fit2	1971763.5000	253231.835	304201.659	31076.578
fit2	1973262.5000	386208.271	-66174.507	34941.022
fit2	1974761.5000	240283.475	-278141.766	27809.969
fit2	1976260.5000	-84343.535	-395649.244	18696.560
fit2	1977759.5000	-321945.940	-162157.578	3315.914
fit2	1979258.5000	-385039.958	80401.977	-21192.578
fit2	1980757.5000	-116835.861	365483.744	-26112.792
fit2	1982256.5000	124002.348	351807.335	-33233.121
fit2	1983755.5000	390655.747	106856.363	-30145.594
fit2	1985254.5000	301083.511	-217726.519	-17972.916
fit2	1986753.5000	88703.919	-383765.951	3514.645
fit2	1988252.5000	-286419.491	-263732.312	15379.151
fit2	1989751.5000	-361965.555	-38393.662	29963.146
fit2	1991250.5000	-267915.288	299635.306	37822.973
fit2	1992749.5000	41471.134	357297.724	26493.645
fit2	1994248.5000	298444.947	264487.566	12246.677
fit2	1995747.5000	368560.964	-121979.176	-2631.580
fit2	1997246.5000	200973.272	-317780.654	-23630.888
fit2	1998745.5000	-154103.731	-374010.715	-34541.346
fit2	2000244.5000	-349542.693	-103416.831	-33494.726
fit2	2001743.5000	-362199.159	151657.588	-23507.549
fit2	2003242.5000	-47671.095	379645.310	-14295.924
fit2	2004741.5000	173916.116	327383.927	13063.515
fit2	2006240.5000	401125.454	37939.485	23650.533
fit2	2007739.5000	269240.306	-249558.599	31617.306
fit2	2009238.5000	26110.669	-397477.421	32319.518
fit2	2010737.5000	-323288.024	-217956.256	26098.958
fit2	2012236.5000	-369589.742	31171.240	6169.073
fit2	2013735.5000	-205965.973	347866.355	-9436.619
fit2	2015234.5000	111859.496	340250.998	-21205.716
fit2	2016733.5000	336990.608	207575.269	-35884.179
fit2	2018232.5000	336374.685	-175781.708	-32711.206
fit2	2019731.5000	162623.675	-341501.383	-19980.544
fit2	2021230.5000	-211865.621	-345281.403	-7101.452
fit2	2022729.5000	-366241.907	-57032.059	11297.129
fit2	2024228.5000	-329186.019	219365.569	29723.181
fit2	2025727.5000	25362.782	383866.966	35666.335
fit2	2027226.5000	232693.759	283850.549	28509.799
fit2	2028725.5000	400056.804	-37299.105	22417.246
fit2	2030224.5000	224204.554	-282495.022	568.130
fit2	2031723.5000	-37020.698	-399191.293	-19531.596
fit2	2033222.5000	-345997.474	-167310.306	-28124.020
fit2	2034721.5000	-368096.070	83833.226	-33880.578
fit2	2036220.5000	-144355.485	377667.597	-30802.017
fit2	2037719.5000	172500.316	319596.898	-17832.073
fit2	2039218.5000	371231.604	138799.023	4688.006
fit2	2040717.5000	292973.436	-239945.458	13024.902
fit2	2042216.5000	103615.321	-358321.741	31471.787
fit2	2043715.5000	-265528.304	-300082.684	34800.449
fit2	2045214.5000	-366854.515	-14696.319	27166.001
fit2	2046713.5000	-294616.618	272518.431	13844.236
fit2	2048212.5000	80811.635	378291.603	737.394
fit2	2049711.5000	284545.961	240680.699	-20566.502
fit2	2051210.5000	385799.070	-112595.379	-33777.188
fit2	2052709.5000	163873.085	-315466.052	-31675.848
fit2	2054208.5000	-104418.903	-385125.927	-27603.605
fit2	2055707.5000	-362209.616	-105656.570	-14477.449
fit2	2057206.5000	-357123.066	134562.819	10458.057
fit2	2058705.5000	-79316.413	395323.734	23257.327
fit2	2060204.5000	216141.910	297148.077	32590.741
fit2	2061703.5000	391786.648	69864.996	33707.263
fit2	2063202.5000	247831.351	-287751.517	27911.294
fit2	2064701.5000	38641.422	-370511.745	3426.921
fit2	2066200.5000	-316655.359	-244795.374	-7660.258
fit2	2067699.5000	-357688.457	40021.900	-24225.061
fit2	2069198.5000	-246101.466	317849.814	-35036.536
fit2	2070697.5000	131319.552	357773.440	-32065.067
fit2	2072196.5000	324821.670	199095.174	-20392.983
fit2	2073695.5000	362717.153	-177318.878	-8295.972
fit2	2075194.5000	106751.596	-345157.671	8528.698
fit2	2076693.5000	-175001.750	-358259.484	29265.312
fit2	2078192.5000	-370277.415	-37167.133	31816.624
fit2	2079691.5000	-331439.219	182898.271	30259.634
fit2	2081190.5000	-12548.154	399159.993	23762.401
fit2	2082689.5000	250986.390	270356.781	2701.691
fit2	2084188.5000	403133.253	455.464	-16104.223
fit2	2085687.5000	200982.527	-325282.748	-27737.604
fit2	2087186.5000	-34288.934	-373353.141	-33699.271
fit2	2088685.5000	-356091.763	-181226.659	-34352.184
fit2	2090184.5000	-342538.404	100233.597	-15724.333
fit2	2091683.5000	-189658.376	355208.547	2179.175
fit2	2093182.5000	180604.583	327295.259	15003.769
fit2	2094681.5000	352701.293	153805.895	32809.051
fit2	2096180.5000	326745.266	-232308.937	34629.190
fit2	2097679.5000	56564.547	-363375.144	28261.849
fit2	2099178.5000	-240630.263	-320855.776	13283.619
fit2	2100677.5000	-375186.926	35040.692	2839.562
fit2	2102176.5000	-288534.069	241833.377	-22446.079
fit2	2103675.5000	61528.612	391587.021	-30372.827
fit2	2105174.5000	278720.187	230331.094	-31492.887
fit2	2106673.5000	399176.608	-62169.488	-28301.476
fit2	2108172.5000	157165.227	-345737.534	-15282.147
fit2	2109671.5000	-96345.995	-372281.415	6437.922
fit2	2111170.5000	-384611.797	-116230.614	21275.467
fit2	2112669.5000	-317626.714	168740.011	29918.728
fit2	2114168.5000	-116433.960	382672.376	36257.160
fit2	2115667.5000	236119.433	283778.683	27490.392
fit2	2117166.5000	370884.190	99702.491	5939.751
fit2	2118665.5000	281605.413	-280379.989	-6068.962
fit2	2120164.5000	14170.904	-369016.219	-25559.572
fit2	2121663.5000	-293164.381	-277197.758	-34873.900
fit2	2123162.5000	-367383.251	90698.796	-34426.169
fit2	2124661.5000	-239577.143	293693.057	-19740.384
fit2	2126160.5000	136870.971	374400.008	-10504.657
fit2	2127659.5000	314704.880	170000.156	11440.983
fit2	2129158.5000	380553.204	-132428.918	28576.241
fit2	2130657.5000	99340.024	-356595.721	30972.128
fit2	2132156.5000	-147538.083	-358686.671	31166.472
fit2	2133655.5000	-395608.286	-56354.451	23199.759
fit2	2135154.5000	-298362.747	215628.976	5484.945
fit2	2136653.5000	-44535.526	400544.841	-14941.097
fit2	2138152.5000	287791.298	234230.432	-23600.174
fit2	2139651.5000	378539.344	28682.890	-34222.378
fit2	2141150.5000	221703.531	-324929.718	-34211.228
fit2	2142649.5000	-35526.953	-362285.974	-16243.954
fit2	2144148.5000	-336692.675	-226207.856	-1942.420
fit2	2145647.5000	-350815.922	137608.665	14550.357
fit2	2147146.5000	-191300.951	335452.693	30856.819
fit2	2148645.5000	197340.048	345553.547	36950.406
fit2	2150144.5000	341078.464	112787.940	27526.203
fit2	2151643.5000	349848.279	-200142.557	16353.784
fit2	2153142.5000	32360.254	-364450.769	1613.459
fit2	2154641.5000	-201260.965	-331400.170	-23839.663
fit2	2156140.5000	-393553.946	11967.579	-29486.430
fit2	2157639.5000	-270082.580	252385.861	-33491.450
fit2	2159138.5000	24606.913	404138.836	-27738.233
fit2	2160637.5000	322676.149	191876.012	-17173.642
fit2	2162136.5000	381235.543	-42835.940	7532.443
fit2	2163635.5000	156621.697	-361665.907	18013.429
fit2	2165134.5000	-95366.062	-345810.462	29733.633
fit2	2166633.5000	-368451.321	-164416.786	36110.280
fit2	2168132.5000	-321156.726	180202.064	25842.732
fit2	2169631.5000	-142073.541	365830.319	9619.799
fit2	2171130.5000	249675.873	309686.384	-4281.413
fit2	2172629.5000	363789.805	56194.476	-22135.102
fit2	2174128.5000	305552.220	-262689.004	-35328.368
fit2	2175627.5000	-35405.075	-364034.271	-33541.782
fit2	2177126.5000	-254425.101	-290043.523	-21849.294
fit2	2178625.5000	-382099.585	79952.458	-12550.880
fit2	2180124.5000	-235552.927	282904.565	13458.015
fit2	2181623.5000	92154.081	394761.947	26678.508
fit2	2183122.5000	343704.574	146821.009	33319.295
fit2	2184621.5000	372916.331	-110930.358	31423.000
fit2	2186120.5000	92461.597	-385274.552	25358.397
fit2	2187619.5000	-162966.642	-323077.656	4026.484
fit2	2189118.5000	-393372.757	-90949.223	-13988.988
fit2	2190617.5000	-279188.871	230909.996	-23139.609
fit2	2192116.5000	-85755.427	382050.354	-35652.737
fit2	2193615.5000	288385.139	263419.541	-31828.854
fit2	2195114.5000	373056.815	13172.594	-18505.855
fit2	2196613.5000	258105.583	-313807.530	-3135.862
fit2	2198112.5000	-97298.402	-359991.185	10966.636
fit2	2199611.5000	-308117.220	-232440.145	29921.250
fit2	2201110.5000	-358120.135	153931.807	35648.125
fit2	2202609.5000	-179310.273	314248.567	27016.688
fit2	2204108.5000	157827.843	372262.149	19947.430
fit2	2205607.5000	354090.725	100209.617	619.326
fit2	2207106.5000	357788.378	-167977.212	-20350.082
fit2	2208605.5000	32432.476	-392758.331	-30303.301
fit2	2210104.5000	-216843.776	-297475.312	-33412.869
fit2	2211603.5000	-403748.961	-16537.087	-30315.767
fit2	2213102.5000	-228999.953	282747.181	-17518.916
fit2	2214601.5000	-13587.891	389692.592	8041.229
fit2	2216100.5000	329998.611	201813.209	16693.234
fit2	2217599.5000	367951.576	-36449.817	32563.541
fit2	2219098.5000	202531.898	-350120.902	34839.584
fit2	2220597.5000	-138108.283	-345469.227	27422.125
fit2	2222096.5000	-348800.917	-181163.545	9835.528
fit2	2223595.5000	-329682.142	214607.304	-1721.847
fit2	2225094.5000	-114313.935	344195.405	-21297.103
fit2	2226593.5000	226070.875	333428.220	-34609.934
fit2	2228092.5000	357800.599	33679.171	-30974.837
fit2	2229591.5000	327604.770	-221064.894	-24512.627
fit2	2231090.5000	-27844.134	-387622.716	-12762.110
fit2	2232589.5000	-258385.992	-272211.041	9945.564
fit2	2234088.5000	-402112.717	53463.797	25193.233
fit2	2235587.5000	-184471.542	317798.564	32112.489
fit2	2237086.5000	58552.858	385341.499	32497.573
fit2	2238585.5000	360899.616	136056.409	27683.984
fit2	2240084.5000	353516.476	-95521.149	2327.603
fit2	2241583.5000	136356.186	-380455.663	-11098.405
fit2	2243082.5000	-181081.908	-317644.957	-25543.948
fit2	2244581.5000	-376896.132	-123770.863	-35495.614
fit2	2246080.5000	-292047.456	259541.241	-33380.256
fit2	2247579.5000	-58985.712	365923.346	-18857.684
fit2	2249078.5000	283978.241	288683.948	-4379.916
fit2	2250577.5000	358525.277	-32914.317	10087.809
fit2	2252076.5000	282005.861	-274482.940	31499.753
fit2	2253575.5000	-94400.027	-369516.665	32600.237
fit2	2255074.5000	-289532.187	-236546.565	28617.806
fit2	2256573.5000	-387029.187	118610.993	20260.713
fit2	2258072.5000	-143069.118	342879.278	2911.849
fit2	2259571.5000	131144.290	373317.195	-18147.308
fit2	2261070.5000	381506.868	71260.844	-28325.524
fit2	2262569.5000	328135.333	-159948.387	-32076.802
fit2	2264068.5000	64056.804	-396782.126	-32996.751
fit2	2265567.5000	-223261.895	-281552.228	-15270.562
fit2	2267066.5000	-394469.086	-65070.743	4352.589
fit2	2268565.5000	-246435.110	296174.296	16789.294
fit2	2270064.5000	-5638.472	376947.834	32297.459
fit2	2271563.5000	330066.917	233920.951	35861.573
fit2	2273062.5000	353289.212	-94779.499	28742.430
fit2	2274561.5000	224553.578	-324044.370	10322.182
fit2	2276060.5000	-163926.287	-344916.103	370.972
fit2	2277559.5000	-321550.906	-184090.773	-24572.324
fit2	2279058.5000	-357814.930	182359.342	-32653.460
fit2	2280557.5000	-101068.871	351296.258	-32167.472
fit2	2282056.5000	189642.969	352207.528	-25339.250
fit2	2283555.5000	388856.212	14453.200	-13930.684
fit2	2285054.5000	299504.823	-223067.507	8086.336
fit2	2286553.5000	-13545.056	-403448.834	23959.237
fit2	2288052.5000	-274871.719	-228432.663	29361.818
fit2	2289551.5000	-396213.011	6668.633	34399.157
fit2	2291050.5000	-189823.157	327205.447	26089.397
fit2	2292549.5000	40994.541	377185.846	4704.185
fit2	2294048.5000	362799.908	177645.372	-8757.700
fit2	2295547.5000	341821.405	-140916.171	-24614.802
fit2	2297046.5000	162292.975	-362478.688	-34732.583
fit2	2298545.5000	-224023.554	-312007.344	-35216.760
fit2	2300044.5000	-349846.772	-117159.199	-18180.665
fit2	2301543.5000	-315996.486	248199.426	-7870.998
fit2	2303042.5000	-39473.729	357104.375	12623.997
fit2	2304541.5000	244672.566	317580.729	30540.589
fit2	2306040.5000	379228.392	-39748.159	33185.290
fit2	2307539.5000	271421.970	-265346.068	30229.200
fit2	2309038.5000	-79960.493	-396614.324	21142.518
fit2	2310537.5000	-315101.581	-182933.158	4886.902
fit2	2312036.5000	-388331.706	83042.334	-18775.070
fit2	2313535.5000	-118511.960	357613.687	-25284.061
fit2	2315034.5000	102403.199	358978.152	-33591.887
fit2	2316533.5000	384487.362	110287.009	-32245.686
fit2	2318032.5000	320364.174	-178146.723	-15798.311
fit2	2319531.5000	103001.538	-389150.695	1449.359
fit2	2321030.5000	-267349.364	-277162.709	15212.183
fit2	2322529.5000	-370766.888	-54600.588	29917.340
fit2	2324028.5000	-265002.051	301353.472	37192.257
fit2	2325527.5000	26380.693	354844.980	26671.222
fit2	2327026.5000	296378.089	269067.875	13617.674
fit2	2328525.5000	360851.875	-103357.551	239.924
fit2	2330024.5000	233192.061	-302617.554	-24158.461
fit2	2331523.5000	-143853.182	-374628.461	-31801.984
fit2	2333022.5000	-339365.899	-141590.629	-33854.930
fit2	2334521.5000	-370164.827	151997.975	-26013.142
fit2	2336020.5000	-57812.362	375438.500	-16741.271
fit2	2337519.5000	165956.020	335096.248	10211.758
fit2	2339018.5000	397222.385	35014.526	21485.908
fit2	2340517.5000	282753.714	-220541.549	30629.008
fit2	2342016.5000	38774.416	-400730.962	35082.091
fit2	2343515.5000	-297887.882	-234369.665	25635.650
fit2	2345014.5000	-383577.586	2735.831	7302.987
fit2	2346513.5000	-210243.090	344225.301	-7495.274
fit2	2348012.5000	91101.071	350553.807	-21703.147
fit2	2349511.5000	340744.420	207483.656	-35692.818
fit2	2351010.5000	331962.099	-164984.512	-32872.985
fit2	2352509.5000	184263.481	-332422.517	-19432.775
fit2	2354008.5000	-203333.002	-342678.933	-9784.191
fit2	2355507.5000	-354078.058	-100820.305	12972.960
fit2	2357006.5000	-341048.027	215506.050	27972.711
fit2	2358505.5000	244.191	380872.463	34182.802
fit2	2360004.5000	229151.891	300538.107	29825.451
fit2	2361503.5000	398041.513	-38838.399	24425.547
fit2	2363002.5000	236615.788	-267763.707	2968.507
fit2	2364501.5000	-32885.041	-401102.568	-17097.045
fit2	2366000.5000	-324265.323	-180266.489	-25306.333
fit2	2367499.5000	-382050.530	54166.884	-35568.476
fit2	2368998.5000	-152704.353	369176.750	-31796.093
fit2	2370497.5000	141083.698	341260.691	-18429.736
fit2	2371996.5000	377218.042	141134.154	879.349
fit2	2373495.5000	298736.406	-228850.459	12247.861
fit2	2374994.5000	113712.112	-359306.938	30994.057
fit2	2376493.5000	-262493.676	-295069.439	35801.090
fit2	2377992.5000	-357954.058	-48800.831	26055.282
fit2	2379491.5000	-304169.833	267368.912	16322.555
fit2	2380990.5000	47182.430	374649.785	-94.867
fit2	2382489.5000	279702.168	266437.302	-20845.992
fit2	2383988.5000	385916.179	-107159.029	-31747.151
fit2	2385487.5000	183134.851	-311104.685	-32208.445
fit2	2386986.5000	-108802.712	-386122.502	-28384.180
fit2	2388485.5000	-350820.660	-112514.099	-16631.347
fit2	2389984.5000	-366916.927	115146.704	9813.483
fit2	2391483.5000	-85684.354	386014.953	19434.309
fit2	2392982.5000	178815.180	322195.387	32649.492
fit2	2394481.5000	396480.484	77769.246	34591.339
fit2	2395980.5000	265131.611	-269151.355	28387.955
fit2	2397479.5000	46758.680	-379344.628	7329.712
fit2	2398978.5000	-316431.068	-241515.651	-4657.545
fit2	2400477.5000	-356404.723	23024.805	-22387.942
fit2	2401976.5000	-248067.022	316890.983	-35923.411
fit2	2403475.5000	103927.860	352924.601	-31503.737
fit2	2404974.5000	316538.496	227566.981	-22210.188
fit2	2406473.5000	363125.761	-163307.164	-10072.857
fit2	2407972.5000	141975.356	-340888.066	9859.348
fit2	2409471.5000	-178862.772	-361733.784	27551.862
fit2	2410970.5000	-366869.600	-47544.763	31990.568
fit2	2412469.5000	-336902.142	178552.234	30405.778
fit2	2413968.5000	-11083.467	392326.708	25776.284
fit2	2415467.5000	221337.909	289055.170	1525.591
fit2	2416966.5000	405584.624	9230.319	-13776.055
fit2	2418465.5000	224993.368	-298681.255	-26169.718
fit2	2419964.5000	-15993.471	-387706.222	-34407.330
fit2	2421463.5000	-351058.546	-186227.289	-33996.481
fit2	2422962.5000	-351934.169	84362.799	-17998.265
fit2	2424461.5000	-186179.084	358260.187	-1255.748
fit2	2425960.5000	165686.593	324053.012	11477.833
fit2	2427459.5000	347498.615	172828.439	32733.840
fit2	2428958.5000	324334.213	-219141.778	34107.575
fit2	2430457.5000	100671.399	-356572.110	28551.825
fit2	2431956.5000	-238604.195	-328085.265	17190.030
fit2	2433455.5000	-375186.140	7314.308	2759.870
fit2	2434954.5000	-299750.957	242770.527	-20579.599
fit2	2436453.5000	62049.119	387841.394	-30060.640
fit2	2437952.5000	263784.825	243419.708	-31313.395
fit2	2439451.5000	398933.644	-60865.673	-30651.843
fit2	2440950.5000	177538.118	-320884.202	-14427.403
fit2	2442449.5000	-74004.502	-387294.666	6611.582
fit2	2443948.5000	-373995.044	-127995.728	18902.278
fit2	2445447.5000	-340439.723	142986.361	31051.325
fit2	2446946.5000	-115449.714	386943.563	35528.347
fit2	2448445.5000	223384.014	290491.764	28364.351
fit2	2449944.5000	372159.309	107424.014	7584.794
fit2	2451443.5000	276880.078	-272826.357	-2003.678
fit2	2452942.5000	50936.283	-363976.344	-25060.345
fit2	2454441.5000	-289094.715	-283319.121	-33930.287
fit2	2455940.5000	-368285.614	52052.838	-33283.233
fit2	2457439.5000	-258688.946	294362.047	-23315.514
fit2	2458938.5000	128265.263	374658.590	-12727.963
fit2	2460437.5000	311739.782	187711.504	9138.488
fit2	2461936.5000	379277.022	-137099.574	26972.828
fit2	2463435.5000	112552.882	-342184.884	30212.049
fit2	2464934.5000	-132751.937	-369138.596	33191.132
fit2	2466433.5000	-382855.628	-68052.948	24597.752
fit2	2467932.5000	-326768.217	183504.135	3967.458
fit2	2469431.5000	-48671.488	403253.983	-12255.771
fit2	2470930.5000	270653.081	254967.054	-24509.858
fit2	2472429.5000	386746.581	31037.610	-34126.306
fit2	2473928.5000	219012.078	-321796.066	-34741.224
fit2	2475427.5000	-15897.742	-362326.014	-16260.707
fit2	2476926.5000	-334958.236	-226215.042	-4619.720
fit2	2478425.5000	-351093.927	101997.086	13426.817
fit2	2479924.5000	-214094.633	333457.788	30797.681
fit2	2481423.5000	179330.668	348059.315	34561.976
fit2	2482922.5000	342407.026	141651.945	29220.861
fit2	2484421.5000	349796.667	-204681.612	19075.795
fit2	2485920.5000	44451.322	-361430.253	4648.051
fit2	2487419.5000	-199451.321	-335715.463	-21272.902
fit2	2488918.5000	-384128.976	8451.461	-27436.051
fit2	2490417.5000	-293237.022	225062.457	-33686.170
fit2	2491916.5000	17900.857	404033.632	-30808.108
fit2	2493415.5000	297019.580	222779.497	-16346.374
fit2	2494914.5000	393807.325	-34360.881	4487.960
fit2	2496413.5000	163229.183	-356188.850	17177.495
fit2	2497912.5000	-85100.781	-354225.740	29761.115
fit2	2499411.5000	-370287.956	-157978.827	37152.852
fit2	2500910.5000	-320356.446	160229.414	25883.478
fit2	2502409.5000	-157465.808	364008.709	10427.261
fit2	2503908.5000	230288.074	310222.476	-2166.569
fit2	2505407.5000	363436.583	97010.147	-23842.533
fit2	2506906.5000	309388.882	-260976.327	-33117.787
fit2	2508405.5000	-8988.410	-367325.691	-33534.137
fit2	2509904.5000	-258897.485	-295070.210	-23428.932
fit2	2511403.5000	-377069.264	78826.852	-15559.857
fit2	2512902.5000	-248975.206	269428.299	11563.502
fit2	2514401.5000	91616.540	392212.471	23981.890
fit2	2515900.5000	318572.337	174694.070	31361.324
fit2	2517399.5000	386634.329	-96520.827	33873.932
fit2	2518898.5000	109721.747	-373267.060	25995.690
fit2	2520397.5000	-145012.251	-344266.900	6349.826
fit2	2521896.5000	-395364.045	-87918.252	-10717.931
fit2	2523395.5000	-286405.072	217859.843	-22174.524
fit2	2524894.5000	-89435.951	383754.598	-36381.374
fit2	2526393.5000	275658.478	260023.719	-32881.707
fit2	2527892.5000	372166.202	48814.286	-18004.152
fit2	2529391.5000	261624.101	-308453.871	-6219.343
fit2	2530890.5000	-55868.512	-366238.456	12893.992
fit2	2532389.5000	-312387.765	-244950.049	29240.916
fit2	2533888.5000	-359364.549	143194.115	34882.837
fit2	2535387.5000	-193408.567	312732.112	27755.983
fit2	2536886.5000	161999.328	368240.224	21967.996
fit2	2538385.5000	337779.859	119586.103	1753.255
fit2	2539884.5000	367452.577	-158118.059	-19252.150
fit2	2541383.5000	50926.213	-378608.110	-26884.993
fit2	2542882.5000	-192419.847	-326268.972	-34484.275
fit2	2544381.5000	-403809.235	-20212.963	-31130.472
fit2	2545880.5000	-251603.056	267281.499	-18860.708
fit2	2547379.5000	-12154.486	396044.344	3876.971
fit2	2548878.5000	323204.333	201447.324	13795.161
fit2	2550377.5000	370038.404	-16382.138	31742.031
fit2	2551876.5000	201120.950	-345778.789	36256.976
fit2	2553375.5000	-96984.082	-351414.891	26550.934
fit2	2554874.5000	-350605.905	-196886.393	13462.484
fit2	2556373.5000	-335992.602	192240.561	-1286.688
fit2	2557872.5000	-136903.360	349732.718	-21441.046
fit2	2559371.5000	229758.060	331236.034	-33766.305
fit2	2560870.5000	354511.974	48215.113	-31622.565
fit2	2562369.5000	330288.183	-221057.006	-25907.275
fit2	2563868.5000	-16629.834	-376015.043	-14514.263
fit2	2565367.5000	-235758.827	-297986.087	11263.978
fit2	2566866.5000	-399718.851	46155.285	22115.327
fit2	2568365.5000	-219405.236	296447.365	32217.491
fit2	2569864.5000	57604.734	394856.247	33052.895
fit2	2571363.5000	355181.676	144972.761	28347.319
fit2	2572862.5000	360959.374	-88983.490	5243.959
fit2	2574361.5000	129699.183	-379758.289	-7353.866
fit2	2575860.5000	-155642.494	-321585.076	-22990.605
fit2	2577359.5000	-377459.239	-134855.087	-36083.029
fit2	2578858.5000	-298215.296	233391.663	-32517.265
fit2	2580357.5000	-92171.234	371228.958	-21117.921
fit2	2581856.5000	280547.271	290759.635	-7811.377
fit2	2583355.5000	364864.581	-9631.082	9509.975
fit2	2584854.5000	281865.038	-281270.089	29862.028
fit2	2586353.5000	-90400.325	-363842.549	33024.518
fit2	2587852.5000	-278665.432	-250063.503	29264.521
fit2	2589351.5000	-381668.794	116284.555	23323.880
fit2	2590850.5000	-178387.786	319380.602	1063.417
fit2	2592349.5000	123489.093	384291.913	-16691.027
fit2	2593848.5000	370708.896	93737.462	-27418.698
fit2	2595347.5000	345543.236	-151413.096	-33065.384
fit2	2596846.5000	59685.699	-396753.056	-33224.796
fit2	2598345.5000	-210730.464	-288406.667	-16690.062
fit2	2599844.5000	-395883.637	-65133.816	2191.397
fit2	2601343.5000	-247160.398	278299.127	13040.685
fit2	2602842.5000	-37047.379	380806.754	32512.590
fit2	2604341.5000	321591.892	237421.540	34646.492
fit2	2605840.5000	364519.468	-54855.285	28711.064
fit2	2607339.5000	230051.495	-329704.114	14479.087
fit2	2608838.5000	-151631.078	-347753.408	2680.525
fit2	2610337.5000	-322090.767	-193612.096	-21956.001
fit2	2611836.5000	-351314.866	185261.934	-31924.412
fit2	2613335.5000	-124747.081	335170.172	-31530.756
fit2	2614834.5000	184304.328	358799.688	-28864.254
fit2	2616333.5000	374684.155	41104.142	-14143.768
fit2	2617832.5000	326236.826	-206813.055	8008.202
fit2	2619331.5000	-8541.287	-401605.209	21892.580
fit2	2620830.5000	-262836.685	-250322.039	30599.317
fit2	2622329.5000	-399988.008	11846.188	35050.294
fit2	2623828.5000	-191628.987	316804.666	27310.609
fit2	2625327.5000	22906.804	380836.773	4745.260
fit2	2626826.5000	354910.155	176548.464	-5353.446
fit2	2628325.5000	353626.026	-98538.902	-25142.090
fit2	2629824.5000	172089.095	-365647.163	-34101.917
fit2	2631323.5000	-198849.040	-322897.579	-33699.117
fit2	2632822.5000	-357509.485	-132597.155	-20828.163
fit2	2634321.5000	-312928.104	249267.273	-10949.459
fit2	2635820.5000	-56277.822	353722.333	9727.590
fit2	2637319.5000	245952.948	318119.755	28685.889
fit2	2638818.5000	367180.522	-19842.018	31170.877
fit2	2640317.5000	296113.216	-249742.428	32120.306
fit2	2641816.5000	-69143.056	-392158.500	23677.641
fit2	2643315.5000	-298834.401	-219416.499	4626.112
fit2	2644814.5000	-394365.370	86145.650	-15237.766
fit2	2646313.5000	-130406.406	351651.639	-25352.495
fit2	2647812.5000	98680.123	365559.718	-34140.542
fit2	2649311.5000	380001.297	104685.244	-34321.007
fit2	2650810.5000	329185.325	-148311.909	-15197.241
fit2	2652309.5000	109803.581	-389996.155	-945.338
fit2	2653808.5000	-236235.568	-290760.063	14889.424
fit2	2655307.5000	-380389.267	-78452.625	30974.119
fit2	2656806.5000	-267442.888	295902.292	35450.542
fit2	2658305.5000	7277.410	362954.002	27898.538
fit2	2659804.5000	303135.432	265350.458	15793.168
fit2	2661303.5000	355526.419	-93656.006	3394.910
fit2	2662802.5000	247084.881	-295012.507	-22826.366
fit2	2664301.5000	-136484.684	-368008.139	-28860.989
fit2	2665800.5000	-320655.477	-181009.091	-33286.728
fit2	2667299.5000	-376888.743	148831.061	-28873.027
fit2	2668798.5000	-84868.521	367273.545	-17291.835
fit2	2670297.5000	165446.360	347802.219	6215.997
fit2	2671796.5000	395516.336	31297.735	19122.824
fit2	2673295.5000	290356.705	-208701.261	29755.064
fit2	2674794.5000	35776.955	-400868.667	37186.821
fit2	2676293.5000	-273843.132	-241965.763	26107.878
fit2	2677792.5000	-391069.032	-22455.944	8561.873
fit2	2679291.5000	-216385.133	331858.993	-5036.330
fit2	2680790.5000	56768.970	365972.836	-23658.918
fit2	2682289.5000	346580.533	207162.549	-34798.754
fit2	2683788.5000	335849.541	-153275.646	-33547.729
fit2	2685287.5000	188638.149	-334636.306	-20636.064
fit2	2686786.5000	-203317.322	-334585.809	-12755.846
fit2	2688285.5000	-340255.727	-128046.180	12866.994
fit2	2689784.5000	-344636.816	212452.606	26120.023
fit2	2691283.5000	-34055.931	369602.142	31878.422
fit2	2692782.5000	221817.989	322106.574	31608.770
fit2	2694281.5000	395314.004	-30990.686	25358.914
fit2	2695780.5000	255148.187	-260258.446	5648.540
fit2	2697279.5000	-40690.488	-402036.567	-13281.829
fit2	2698778.5000	-311422.083	-184935.840	-22524.777
fit2	2700277.5000	-386814.131	40812.226	-36042.729
fit2	2701776.5000	-154273.180	356769.427	-33134.404
fit2	2703275.5000	101023.259	357838.278	-18183.467
fit2	2704774.5000	379216.966	146373.740	-3472.548
fit2	2706273.5000	314511.936	-202674.320	12728.197
fit2	2707772.5000	121451.855	-368082.922	30449.287
fit2	2709271.5000	-261488.159	-291266.205	36300.148
fit2	2710770.5000	-354621.172	-65426.941	26785.226
fit2	2712269.5000	-301342.894	269026.988	19107.666
fit2	2713768.5000	19072.722	363832.903	292.823
fit2	2715267.5000	270920.988	288006.491	-21422.146
fit2	2716766.5000	381559.688	-91573.112	-28998.125
fit2	2718265.5000	217427.801	-301025.826	-33322.266
fit2	2719764.5000	-113318.681	-388489.352	-29192.665
fit2	2721263.5000	-344560.400	-126574.423	-18155.071
fit2	2722762.5000	-372006.658	114089.126	6982.433
fit2	2724261.5000	-83316.258	377759.168	15523.304
fit2	2725760.5000	148944.550	335399.282	31503.893
fit2	2727259.5000	395600.820	81303.831	35525.420
fit2	2728758.5000	286090.607	-235426.601	27315.090
fit2	2730257.5000	61455.873	-390415.145	11443.629
fit2	2731756.5000	-308068.180	-246566.262	-2146.988
fit2	2733255.5000	-365552.455	7372.212	-21193.362
fit2	2734754.5000	-241794.644	322454.062	-35486.209
fit2	2736253.5000	87579.692	348361.755	-32024.259
fit2	2737752.5000	312357.810	239594.771	-24467.049
fit2	2739251.5000	356571.256	-148573.884	-12589.503
fit2	2740750.5000	181881.871	-328627.876	11803.073
fit2	2742249.5000	-177364.221	-364833.291	25327.421
fit2	2743748.5000	-362564.561	-76803.930	32680.717
fit2	2745247.5000	-344836.059	183543.919	31624.702
fit2	2746746.5000	-9764.371	388732.029	27086.979
fit2	2748245.5000	209200.207	298321.958	2811.057
fit2	2749744.5000	403610.006	5619.131	-10852.553
fit2	2751243.5000	241421.753	-270236.351	-23899.088
fit2	2752742.5000	1176.159	-397166.941	-35089.438
fit2	2754241.5000	-335347.898	-197558.691	-32591.905
fit2	2755740.5000	-369278.440	58936.573	-19856.590
fit2	2757239.5000	-182537.046	362378.615	-5347.099
fit2	2758738.5000	154033.513	329603.210	8927.386
fit2	2760237.5000	351230.229	173330.244	30709.282
fit2	2761736.5000	316494.366	-213619.621	33877.863
fit2	2763235.5000	130044.964	-346612.694	28855.708
fit2	2764734.5000	-234973.722	-328449.944	21488.735
fit2	2766233.5000	-368583.042	-33510.690	1871.117
fit2	2767732.5000	-314834.317	242864.158	-18678.343
fit2	2769231.5000	51789.287	385976.335	-29445.323
fit2	2770730.5000	261549.378	256879.531	-32647.049
fit2	2772229.5000	396669.915	-70336.845	-32493.067
fit2	2773728.5000	185980.992	-305706.381	-15620.581
fit2	2775227.5000	-65270.540	-392337.626	5752.118
fit2	2776726.5000	-357715.909	-135694.661	15890.049
fit2	2778225.5000	-360761.778	109377.030	32351.658
fit2	2779724.5000	-118421.992	386652.312	34538.129
fit2	2781223.5000	199661.362	309351.622	28245.913
fit2	2782722.5000	380329.971	107469.073	10818.712
fit2	2784221.5000	273503.029	-269645.452	1456.416
fit2	2785720.5000	65664.904	-362078.086	-22592.676
fit2	2787219.5000	-289656.241	-277762.911	-32610.355
fit2	2788718.5000	-360707.020	17484.559	-31510.222
fit2	2790217.5000	-274755.055	291188.037	-26783.982
fit2	2791716.5000	106160.255	372344.639	-14334.197
fit2	2793215.5000	308082.053	216934.034	7789.076
fit2	2794714.5000	378601.412	-141677.010	24215.238
fit2	2796213.5000	126773.393	-336507.500	30601.701
fit2	2797712.5000	-135360.498	-371507.681	34958.468
fit2	2799211.5000	-370676.630	-69876.664	26949.621
fit2	2800710.5000	-342686.791	156593.417	3447.810
fit2	2802209.5000	-51219.038	399558.950	-9091.828
fit2	2803708.5000	237672.841	282183.527	-25748.917
fit2	2805207.5000	397225.219	37869.221	-34684.461
fit2	2806706.5000	227048.406	-311692.052	-34102.676
fit2	2808205.5000	-5155.209	-370802.675	-18144.250
fit2	2809704.5000	-338031.970	-218234.453	-7533.359
fit2	2811203.5000	-348401.660	80013.718	11156.248
fit2	2812702.5000	-222606.223	332530.506	29899.946
fit2	2814201.5000	156962.667	344017.400	31643.112
fit2	2815700.5000	337300.323	177419.533	30258.123
