WGSN-ID,Name,HIP,RA2000,DE2000,Vmag,type,HR,HD,Bayer/other,constellation,distance from Sun/ ly,B-V color,VmagMax,VmagMin,WDS
10000,Parumleo,,3.961699,1.200441,11.26,,,_,WASP-32,Pisces,,0.8,,,_
10001,Citadelle,HIP 1547,4.821108315,14.05475645,8.52,K0,,1502,,Pisces,546.3121173,0.92,,,
10002,Felixvarela,HIP 2247,7.142941103,-16.22634373,9.566,K5 V,,,,Cetus,122.4391372,1.165,,,
10003,Cocibolca,HIP 3479,11.11104446,-26.51568209,7.78,G5 V,,4208,,Sculptor,106.6531638,0.66,,,
10004,Nenque,HIP 5054,15.07781952,-39.48821783,7.71,G2/3 V,,6434,,Phoenix,131.5062909,0.61,,,
10005,Emiw,HIP 5529,15.17978362,-66.18816342,8.027,K0 IV/V,,7199,,Tucana,117.0249488,0.865,,,
10006,Bélénos,HIP 6643,15.42014326,28.56669528,7.112,F8,,8574,,Pisces,144.1611563,0.574,,,
10007,Mpingo,,29.26335,0.758855,10.56,G2,,_,WASP-71,Cetus,,0.79,,,_
10008,Buna,HIP 12191,30.61719755,42.06263014,7.282,G0,,16175,,Andromeda,195.1720329,0.66,,,
10009,Koeia,HIP 12961,30.7785797,-23.08661178,10.24,M0,,,,Eridanus,77.62523354,1.41,,,
10010,Nushagak,HIP 13192,30.82902419,71.75323033,8.172,G0 V,,17156,,Cassiopeia,244.6173632,0.617,,,
10011,Muspelheim,,33.13116,51.778767,11.83,,,_,HAT-P-29,Perseus,,0.47,,,_
10012,Horna,,35.383251,32.246136,12.51,G,,_,HAT-P-38,Triangulum,,0.83,,,_
10013,Diya,,41.040041,-30.169045,10.84,,,_,WASP-72,Fornax,,,,,_
10014,Chaophraya,,43.68805906,-10.89806256,11.44,G9V,,,WASP-50,Eridanus,,0.99,,,
10015,Ayeyarwady,HIP 13993,45.00296012,-20.80260481,7.97,G8/K0 IV,,18742,,Eridanus,417.0889142,0.94,,,
10016,Intan,HIP 15578,45.3451927,-33.73010375,9.92,K3/4 IV,,20868,,Fornax,159.4905163,1.037,,,
10017,Tupi,HIP 17096,45.66197111,-52.91583817,7.12,F8/G0 V,,23079,,Reticulum,112.850142,0.58,,,
10018,Tojil,,52.818029,-23.819678,11.99,G,,_,WASP-22,Eridanus,,0.39,,,_
10019,Hoggar,HIP 21109,60.52373721,4.575294722,8.54,G8 IV,,28678,,Taurus,550.9435391,1.01,,,
10020,Mouhoun,HIP 22491,60.83829484,-24.36884272,8.07,K0 III,,30856,,Eridanus,394.8776597,0.961,,,
10021,Berehynia,,66.248062,39.460642,12.41,G5,,_,HAT-P-15,Perseus,,0.61,,,_
10022,Montuno,,66.370903,-30.600447,10.04,F5,,_,WASP-79,Eridanus,,0.41,,,_
10023,Bubup,HIP 26380,75.61722689,-73.69934589,6.696,F9.5V,,38283,,Mensa,123.2219251,0.564,,,
10024,Naledi,,87.139974,-63.988441,10.21,,,_,WASP-62,Dorado,,0.52,,,_
10025,Amadioha,HIP 29550,90.22657265,-29.89726433,8.98,G8 V,,43197,,CanisMajor,183.6261015,0.817,,,
10026,Lucilinburhuc,HIP 30860,90.47936419,38.96296292,7.885,G5 V,,45350,,Auriga,159.6535958,0.745,,,
10027,Lusitânia,HIP 30905,90.48699778,10.93389053,8.127,G8-K0,,45652,,Monoceros,117.8729489,0.836,,,
10028,Nosaxa,HIP 31895,90.6671464,-48.54195647,8.05,G5 V,,48265,,Puppis,285.0933913,0.747,,,
10029,Nervia,HIP 32916,90.85847673,40.86775669,8.1,G5 V,,49674,,Auriga,132.843533,0.73,,,
10030,Kosjenka,,94.33645207,-38.32326502,11.15,G8,,,WASP-63,Columba,,0.59,,,
10031,Geminga,,98.475638,17.770253,,PSR,,,PSR B0633+17,Gemini,,,,,
10032,Atakoraka,,101.115022,-32.858383,G12.53,,,_,WASP-64,CanisMajor,,,,,_
10033,Ceibo,HIP 37284,105.6560703,-78.27897439,9.37,K4 V,,63454,,Chamaeleon,116.7640289,1.006,,,
10034,Tapecue,HIP 38041,105.7971444,-54.26414469,8.104,G6 IV/V,,63765,,Carina,106.3922505,0.745,,,
10035,Dilmun,,107.6002519,-39.0973809,10.51,F6V,,,WASP-121,Puppis,,0.49,,,
10036,Tevel,,110.168568,37.140651,12.34,F,,_,HAT-P-9,Auriga,,0.01,,,_
10037,Koit,,110.388168,58.268087,10.78,,,_,XO-4,Lynx,,,,,_
10038,Absolutno,,116.716506,39.094572,12.1,,,_,XO-5,Lynx,,,,,_
10039,Kaewkosin,,119.7743314,15.39145446,G11.36,M2.0V,,,GJ 3470,Cancer,,,,,
10040,Násti,HIP 40687,120.3061591,61.46072083,8.2,G2 V,,68988,,UrsaMajor,191.8452467,0.625,,,
10041,Gakyid,HIP 42446,120.6543898,12.96037414,8.23,G5 IV,,73534,,Cancer,264.186761,0.962,,,
10042,Stribor,HIP 43674,120.8974459,33.05681128,8.03,G0 V,,75898,,Lynx,262.8169032,0.626,,,
10043,Maru,,121.7239736,-66.30463919,13.7,DQ,,,WD 0806-661,Volans,,0.06,,,
10044,Tislit,,126.337846,-11.500986,11.08,F6,,_,WASP-161,Puppis,,0.57,,,_
10045,Lerna,,135.344371,6.097227,12.17,,,_,HAT-P-42,Hydra,,0.66,,,_
10046,Illyrian,HIP 47087,135.5958845,34.78074203,7.78,G0,,82886,,LeoMinor,366.0454363,0.864,,,
10047,Kalausi,HIP 47202,135.6199521,-43.27220383,8.222,K0/1 V + G (III),,83443,,Vela,141.9759285,0.831,,,
10048,Natasha,HIP 48235,135.8340268,-49.79026644,8.526,K1 V,,85390,,Vela,110.7627524,0.846,,,
10049,Bibhā,HIP 48711,135.9349774,-3.808423861,8.73,F8 V,,86081,,Sextans,297.3242672,0.664,,,
10050,Gloas,,140.102977,33.882417,10.42,G1V,,_,WASP-13,Lynx,,0.79,,,_
10051,Filetdor,,144.8753588,-20.98246702,9.35,F9V,,,WASP-166,Hydra,,0.59,,,
10052,Añañuca,HIP 47780,146.1243199,-45.77650768,9.979,M1V,,,GJ 367,Vela,,1.393,,,
10053,Wattle,,148.4169857,-45.65918255,12.31,G8V,,,WASP-19,Vela,,0.74,,,
10054,Macondo,HIP 52521,150.7391431,-33.57702442,8.3,K3 V,,93083,,Antlia,94.25923646,0.945,,,
10055,Gnomon,,154.9083704,-9.806279389,12.49,K7V,,,WASP-43,Sextans,,1.292,,,
10056,Aiolos,HIP 53524,164.2625899,-68.667347,7.36,A8III,,95086,,Carina,,0.42,,,
10057,Dingolay,HIP 54158,165.0790152,-2.513219472,8.37,G6 V,,96063,,Leo,433.1358361,0.86,,,
10058,Hunahpú,HIP 55174,165.2965425,-23.97541581,8.21,K0 III/IV,,98219,,Crater,490.4741494,0.96,,,
10059,Amansinaya,,165.399575,-23.860662,10.28,,,_,WASP-34,Crater,,0.77,,,_
10060,Shama,HIP 55664,165.4048218,-1.529074111,9.1,G8/K0 IV,,99109,,Leo,197.1942279,0.87,,,
10061,Sagarmatha,HIP 56572,165.5976453,-4.755695722,8.418,G8 V,,100777,,Leo,172.210641,0.777,,,
10062,Uklun,HIP 57291,165.7473502,-58.70371053,7.47,G6 V,,102117,,Centaurus,136.9857377,0.721,,,
10063,Flegetonte,HIP 57370,165.761748,2.821478917,8.062,K0 V,,102195,,Virgo,94.52016364,0.835,,,
10064,Aniara,HIP 57820,165.856253,57.64073392,7.851,G5,,102956,,UrsaMajor,394.8776723,0.973,,,
10065,Mazaalai,,171.274941,41.027964,11.56,G3,,_,HAT-P-21,UrsaMajor,,1.1,,,_
10066,Noquisi,HIP 57087,175.5462222,26.70656966,10.613,M3V,,,GJ 436,Leo,,1.447,,,
10067,Tupã,HIP 60644,180.4295187,-64.02208783,6.995,F8/G0 V,,108147,,Crux,125.7659543,0.537,,,
10068,Funi,HIP 61177,180.5353299,74.48954669,8.77,G0 V,,109246,,Draco,213.9586608,0.64,,,
10069,Tuiren,,188.266276,44.915333,12.15,,,_,HAT-P-36,CanesVenatici,,0.82,,,_
10070,Gar,HIP 62452,191.9859357,9.751398796,11.395,M3.5V,,,GJ 486,Virgo,,1.563,,,
10071,Lich,,195.0129479,12.6819875,,PSR,,,PSR B1257+12,Virgo,,,,,
10072,Matza,HIP 65426,195.4100272,-51.50445686,7.01,A2V,,116434,,Centaurus,345.3384575,0.093,,,
10073,Dofida,HIP 66047,195.5404321,-47.27136478,7.169,G2 V,,117618,,Centaurus,124.0047129,0.6,,,
10074,Liesma,HIP 66192,195.5673721,53.72852722,8.05,K0,,118203,,UrsaMajor,288.8768138,0.699,,,
10075,Dombay,,206.094141,48.028668,11.86,K1V,,_,HAT-P-3,UrsaMajor,,0.67,,,_
10076,Nyamien,,208.927967,-32.159615,10.91,F7,,_,WASP-15,Centaurus,,0.496,,,_
10077,Komondor,,209.3894453,43.49350042,12.84,K5,,,HAT-P-12,CanesVenatici,,-0.24,,,
10078,Proxima Centauri,HIP 70890,210.4952628,-62.67949019,11.01,M5.5Ve,,,,Centaurus,4.246512307,1.807,12.1,13.12,
10079,Arcalís,HIP 72845,210.8897301,18.23540764,7.96,K0,,131496,,Bootes,395.8235367,1.04,,,
10080,Baekdu,HIP 73136,210.9467645,74.90092256,6.83,K0,,133086,,UrsaMinor,518.9149849,0.985,,,
10081,Guahayona,,213.156388,4.060032381,11.76,K1,,,HAT-P-26,Virgo,,0.57,,,
10082,Malmok,,217.32673,-3.444501,12.09,,,_,WASP-39,Virgo,,0.84,,,_
10083,Mönch,HIP 72339,221.8863593,-0.2814743921,8.031,K0V,,130322,,Virgo,97.06418855,0.796,,,
10084,Nikawiy,HIP 74961,225.3183839,41.73320614,7.879,G5,,136418,,Bootes,346.9652888,0.937,,,
10085,Karaka,HIP 76351,225.5944227,-80.20459386,8.71,K0/K1V,,137388,,Apus,125.3366201,0.891,,,
10086,Dìwö,,239.962287,-28.061753,11.59,F4,,_,WASP-17,Scorpius,,0.24,,,_
10087,Kamuy,HIP 79219,240.167754,26.74274811,6.566,K0,,145457,,CoronaBorealis,411.283352,1.042,,,
10088,Sharjah,HIP 79431,240.2116054,-18.87550325,11.34,M3 V,,,,Scorpius,48.5973325,3.457,,,
10089,Timir,HIP 80687,240.4744864,-13.39963625,6.895,K0 III/IV,,148427,,Ophiuchus,193.3455849,0.952,,,
10090,Ogma,HIP 80838,240.5082274,38.34730806,8.15,G0,,149026,,Hercules,257.2070206,0.611,,,
10091,Rosalíadecastro,HIP 81022,240.5475141,2.084827861,7.893,G3 V,,149143,,Ophiuchus,207.0767725,0.668,,,
10092,Moldoveanu,,240.54936,28.169561,11.25,G1V,,_,XO-1,CoronaBorealis,,0.63,,,_
10093,Mahsati,HIP 82651,240.8954396,11.97374708,8.54,K0,,152581,,Ophiuchus,596.2793173,0.9,,,
10094,Irena,,243.959855,10.032579,9.39,F8,,_,WASP-38,Hercules,,0.476,,,_
10095,Hunor,HIP 80076,245.151491,41.048086,8.69,F8V,,147506,HAT-P-2,Hercules,,0.46,,,_
10096,Rapeto,HIP 83547,255.0752419,-43.30976836,7.39,F8 V,,153950,,Scorpius,169.1773862,0.552,,,
10097,Inquill,HIP 84787,255.3309446,-48.54932222,6.673,F8 IV/V,,156411,,Ara,179.71224,0.601,,,
10098,Barnard's Star,HIP 87937,255.9634718,4.693364972,9.54,sdM4e,,,,Ophiuchus,5.937971133,1.57,9.55,9.57,
10099,Orkaria,,258.8288916,4.963907392,14.71,M4.5V,,,GJ 1214,Ophiuchus,,,,,
10100,Franz,,260.11616,38.242197,9.99,F5V,,_,HAT-P-14,Hercules,,0.42,,,_
10101,Pipoltr,,268.029244,37.546177,12.4,,,_,TrES-3 Parent Star,Hercules,,0.712,,,_
10102,Pincoya,HIP 88414,270.0519258,-28.56065244,9.827,K1/3,,164604,,Sagittarius,123.8742475,1.05,,,
10103,Alasia,HIP 90004,270.3638285,-11.92268125,7.946,G5,,168746,,Serpens,140.6386902,0.718,,,
10104,Kaveh,HIP 92895,270.9280234,4.265323639,8.03,G8 IV,,175541,,Serpens,416.0126167,0.9,,,
10105,Chasoň,,274.40547,36.621436,11.95,,,_,HAT-P-5,Lyra,,,,,_
10106,Belel,HIP 95124,285.3511751,-23.6195695,7.55,K0 III,,181342,,Sagittarius,360.7943219,1.02,,,
10107,Sika,HIP 95262,285.3813847,-32.91905253,7.849,G1 V,,181720,,Sagittarius,182.4193344,0.585,,,
10108,Uruk,HIP 96078,285.5344891,16.47428975,8.97,F8 V,,231701,,Sagitta,353.7493383,0.517,,,
10109,Petra,,303.167372,-2.14422,11.39,K7V,,_,WASP-80,Aquila,,0.871,,,_
10110,Sansuna,,303.195361,18.104833,10.4,F8,,_,HAT-P-34,Sagitta,,0.41,,,_
10111,Phoenicia,HIP 99711,303.4993566,-0.8668804519,7.79,K2 V,,192263,,Aquila,64.87252853,0.938,7.79,7.82,
10112,Moriah,,306.123848,16.76217,11.94,G8,,_,HAT-P-23,Delphinus,,2.1,,,_
10113,Wouri,,315.0258201,-5.094454151,9.87,,,,WASP-69,Aquarius,,1.06,,,
10114,Sāmaya,HIP 106824,315.6356678,-31.73748292,8.56,F7 V,,205739,,PiscisAustrinus,294.6171614,0.54,,,
10115,Bosona,HIP 107251,315.7235834,-7.408252861,8.346,K0 III,,206610,,Aquarius,554.6943487,1.032,,,
10116,Itonda,HIP 108375,315.9555132,-37.76362372,7.471,G2 V,,208487,,Grus,143.5088565,0.552,,,
10117,Solaris,HIP 104780,318.399959,14.68938494,G9.36,K5,,,BD +14 4559,Pegasus,,,,,
10118,Lionrock,HIP 110813,330.4508534,-17.26365667,7.595,G8 IV,,212771,,Aquarius,397.2586064,0.885,,,
10119,Taika,,335.512865,45.457366,11.34,,,_,HAT-P-40,Lacerta,,0.85,,,_
10120,Zembra,,339.026329,-16.99994114,12.469,,,,HATS-72,Aquarius,,1.103,,,
10121,Batsũ̀,,340.4921549,-69.16897798,15.26,,,,LHS 3844,Indus,,2.04,,,
10122,Ebla,HIP 114322,345.1529797,-2.260745194,8.63,K3 V,,218566,,Pisces,97.65124548,1.01,,,
10123,Poerava,HIP 116084,345.5223162,-58.20973156,7.807,F7 V,,221287,,Tucana,172.471553,0.505,,,
10124,Axólotl,HIP 118319,345.9982866,-22.42811564,8.216,G2 IV,,224693,,Cetus,306.8154062,0.656,,,
10125,Tangra,,347.492723,18.396078,11.55,G3V,,_,WASP-21,Pegasus,,0.57,,,_
10126,Márohu,,348.157237,-22.673966,11.91,G8V,,_,WASP-6,Aquarius,,0.99,,,_
10127,Anadolu,,348.494823,8.76127,12,K2V,,_,WASP-52,Pegasus,,0.9,,,_
10128,Danfeng,HIP 115211,350.0313521,-60.06517907,11.02,M2V,,,L 168-9,Tucana,,1.43,,,
10129,Sterrennacht,,354.774209,42.465973,10.47,F8V,,_,HAT-P-6,Andromeda,,0.41,,,_
10130,Morava,,356.666561,31.155937,12.18,G1V,,_,WASP-60,Pegasus,,0.68,,,_
10131,Uúba,HIP 117883,358.6675305,-37.62792345,9.76,G7V,,,LTT 9779,Sculptor,,0.79,,,