tyc	hip	hd	gl	gaia_source_id	reason
100-882-1		287651		3233705379949054848	refused_no_defensible_parallax
100-890-1		287799		3222115079986636672	refused_no_defensible_parallax
1045-340-1		230878		4312784538334849920	refused_no_defensible_parallax
1065-2087-1		355675		4303152855164360576	refused_no_defensible_parallax
1066-1256-1		187447		4305160151071351424	refused_no_defensible_parallax
1076-2086-1		356813		4299760174570571392	refused_no_defensible_parallax
1112-2519-1	104066				no_parallax_published
1159-236-1		215911		2732045812431202688	refused_no_defensible_parallax
128-696-1		248540		3322820385064476928	refused_no_defensible_parallax
1287-1149-1	24317	241630		3395550296101425408	refused_no_defensible_parallax
1296-1113-1		243451		3390775460697937408	no_parallax_published
1300-788-1		242985		3394485174275152256	refused_no_defensible_parallax
1313-276-1		251497		3345579721706291712	refused_no_defensible_parallax
1313-844-1		251704		3345530999596461440	refused_no_defensible_parallax
132-889-1		288529		3124395984067551488	refused_no_defensible_parallax
145-2187-1		257581		3324349221625295872	refused_no_defensible_parallax
1490-762-1		137740		1208832705967347456	refused_no_defensible_parallax
1501-1085-1	76761	139952		1217154050488751872	refused_no_defensible_parallax
1574-1293-1	90996	171365		4523973547779600384	refused_no_defensible_parallax
1595-2052-1	91916	349248		4530955343539786624	refused_no_defensible_parallax
1601-483-1		231518		4321716390990101760	refused_no_defensible_parallax
1602-1553-1		185307		4321811361346487680	refused_no_defensible_parallax
161-1020-1		266372		3133009180204945280	refused_no_defensible_parallax
1611-632-1		180215		4520193564272524160	refused_no_defensible_parallax
1631-1739-1		355472		1808871587483103616	refused_no_defensible_parallax
1659-863-1		347626		1814875165783892096	refused_no_defensible_parallax
1724-1309-1		223402		2822061592447904768	refused_no_defensible_parallax
1834-504-1		283812		148200943220970240	refused_no_defensible_parallax
1840-1032-1		283992		153950938062645888	refused_no_defensible_parallax
1870-1577-1		247875		3443019301152654720	refused_no_defensible_parallax
1877-1418-1		252919			no_parallax_published
1878-40-1		255947		3377665193289172224	refused_no_defensible_parallax
2039-6-1	77147	140889		1224952302344443776	refused_no_defensible_parallax
2100-2021-1		335762		4579865400306113536	refused_no_defensible_parallax
2101-880-1		336084		4586391482853149440	refused_no_defensible_parallax
2108-1379-1		343145		4532518363729214976	refused_no_defensible_parallax
2138-980-1	96443	185058		2021046927632673280	refused_no_defensible_parallax
2143-1926-1		338755		2021555383015224192	refused_no_defensible_parallax
2154-2751-1		346003		1830435145122443520	refused_no_defensible_parallax
2170-1709-1		347367		1843134092088234880	refused_no_defensible_parallax
2179-532-1		335277		1857796320168036480	refused_no_defensible_parallax
2306-1267-1	8072			319414729233831936	refused_no_defensible_parallax
2375-530-1		281720		169722989984424320	refused_no_defensible_parallax
2375-915-1		281859		166557702165280768	refused_no_defensible_parallax
2404-1350-1	26536	37269		3447545341986921216	refused_no_defensible_parallax
2405-128-1	27179	38231		3444379401333488000	refused_no_defensible_parallax
2498-1009-1	44640			715395664360039936	refused_no_defensible_parallax
2531-990-1		109928		1514419835236108032	refused_no_defensible_parallax
2539-995-1	65566			1469466199256717440	refused_no_defensible_parallax
2549-768-2	69819				refused_no_defensible_parallax
2657-590-1	94737				refused_no_defensible_parallax
2668-371-1		225671		2047943352831284224	refused_no_defensible_parallax
2668-459-1		225686		2048784444859313408	refused_no_defensible_parallax
2676-509-1		228858		2054704937002858368	refused_no_defensible_parallax
2680-1216-1		229009		2057131902769860224	refused_no_defensible_parallax
2680-908-1		228849		2057121423049163136	refused_no_defensible_parallax
2681-1027-1		226091		2071750562722631168	refused_no_defensible_parallax
2684-1291-1		193635		2060977783980777344	refused_no_defensible_parallax
2693-169-1		194721		2056428765082488704	refused_no_defensible_parallax
2727-1675-1		208972		1948658930291705216	refused_no_defensible_parallax
2760-524-1		219982		1912930265582347520	refused_no_defensible_parallax
2788-1627-1	3077			381138872478430592	refused_no_defensible_parallax
2888-1339-1		276601		204217624685274112	refused_no_defensible_parallax
2892-360-1		276574		252475121308216448	refused_no_defensible_parallax
2905-1252-1	22255	30196		204550119581671936	refused_no_defensible_parallax
292-822-1		109097		3706861448545070464	refused_no_defensible_parallax
3106-845-1		165311		4611379808736923264	refused_no_defensible_parallax
3144-1769-1		225373		2076719324462818304	refused_no_defensible_parallax
3151-3306-1		228624		2060878660452356608	refused_no_defensible_parallax
3159-678-1		228193		2074741921524263040	refused_no_defensible_parallax
3168-1425-1		201562		1868941244908471424	refused_no_defensible_parallax
3173-904-1	105009			1968720275854224640	no_parallax_published
3191-427-1		205797		1967674640297751424	refused_no_defensible_parallax
3204-1320-1		212900		1909370184372777216	refused_no_defensible_parallax
3287-1923-1	7979			405578335904111744	refused_no_defensible_parallax
330-180-1		131954		1154515251007422464	refused_no_defensible_parallax
3372-374-1		233145		215182465735768704	refused_no_defensible_parallax
3474-1192-1		130212		1493769048361817984	refused_no_defensible_parallax
3482-763-1		138303		1395763048628014336	refused_no_defensible_parallax
3549-446-1		177430		2131925768924347904	refused_no_defensible_parallax
3552-1632-1		234745		2145982917707426048	refused_no_defensible_parallax
3558-2151-1		189373		2079182604157868544	refused_no_defensible_parallax
3559-2662-1		192420		2082515193848349568	refused_no_defensible_parallax
3565-1246-1		187980		2086759755403523456	refused_no_defensible_parallax
3592-1620-1	104485			2165260350157354368	refused_no_defensible_parallax
3616-1721-1		235606		2173147215778022912	refused_no_defensible_parallax
3618-3030-1	109345	210415			refused_no_defensible_parallax
3621-708-1	112279	215458		1982387445905256704	refused_no_defensible_parallax
3663-2675-1		236538		423900666397110016	refused_no_defensible_parallax
3715-1199-1		237149		450123984353401984	refused_no_defensible_parallax
3736-852-1		232981		274021082448331904	refused_no_defensible_parallax
3754-841-1		233176		264462856065855488	refused_no_defensible_parallax
3775-481-1		237556		1000285346230287488	refused_no_defensible_parallax
3848-105-1		112569		1577255825252090368	refused_no_defensible_parallax
3924-1533-1		181044		2140943001221916416	refused_no_defensible_parallax
3932-406-1		239033		2143633368735934464	refused_no_defensible_parallax
3947-2564-1		239239		2235898332926976128	refused_no_defensible_parallax
3954-1140-1		235303		2183595015775971840	refused_no_defensible_parallax
3963-1193-1		239496		2193421763505386880	refused_no_defensible_parallax
3967-2992-1		235561		2174142342521158528	refused_no_defensible_parallax
4006-1016-1		240225		2009469997845366784	refused_no_defensible_parallax
403-54-1		155660		4387827207654189952	refused_no_defensible_parallax
4189-578-1		145475		1629190707234763904	refused_no_defensible_parallax
424-1384-1		162627		4473026881928156160	refused_no_defensible_parallax
4250-1425-1		198180		2197018403478229120	refused_no_defensible_parallax
4279-2747-1	114929				refused_no_defensible_parallax
4288-785-1		220907		2209077331620174336	refused_no_defensible_parallax
434-384-1		165110		4469450415421218816	refused_no_defensible_parallax
4532-1383-1	26878				refused_no_defensible_parallax
4578-934-1		169507		2294326488202643968	refused_no_defensible_parallax
469-5324-1		183060		4288801479638205696	refused_no_defensible_parallax
4757-481-1		294057		3211017606048663296	refused_no_defensible_parallax
4759-725-1		293919		3211819223041094400	refused_no_defensible_parallax
4771-393-1	27074	38272		3216195932153903104	refused_no_defensible_parallax
4787-1212-1		291335		3121025950867500032	refused_no_defensible_parallax
4801-560-1		292732		3112334105295148032	refused_no_defensible_parallax
4814-2327-1		293221		3109672771757791744	refused_no_defensible_parallax
4850-921-1	39337				no_parallax_published
4954-193-1		108947		3680708121368678656	refused_no_defensible_parallax
4967-465-1		119934		3658492007892429568	refused_no_defensible_parallax
5019-723-1	77756			4410199073829458944	refused_no_defensible_parallax
5034-1308-1		146193		4405554977233796224	refused_no_defensible_parallax
5114-346-1		174588		4266092613177007104	refused_no_defensible_parallax
5114-989-1		174130		4266106219627348480	refused_no_defensible_parallax
5149-1971-1		185610		4210802017355965952	refused_no_defensible_parallax
5174-739-1		193519		4216368745946822272	refused_no_defensible_parallax
5190-389-1		198072		6913050480558823552	refused_no_defensible_parallax
5245-452-1		217375		2636701004497700352	refused_no_defensible_parallax
5348-706-1	28319				refused_no_defensible_parallax
5367-1134-1	30089	44179		3001477146793228288	refused_no_defensible_parallax
537-363-1	105996	204390		2698920928700374144	refused_no_defensible_parallax
5780-244-1		201926		6895050100822940416	refused_no_defensible_parallax
5806-251-1		211101		2615530286061984384	refused_no_defensible_parallax
591-1410-1		221559		2756562928865610752	refused_no_defensible_parallax
5945-1715-1	29732	43517		2937793020994949248	refused_no_defensible_parallax
5976-1571-1	34117	53269		2929318092743373184	refused_no_defensible_parallax
60-1312-1	15711			3269187509233902208	refused_no_defensible_parallax
6092-670-1	56515	100707		3541908453536988928	no_parallax_published
6106-851-1		109404		3516870237310861312	refused_no_defensible_parallax
6108-421-1		107368		3514844318417307008	refused_no_defensible_parallax
6149-488-1		122580		6289407176046875904	refused_no_defensible_parallax
6156-678-1		126919		6284680616077492864	refused_no_defensible_parallax
6158-475-1		129343		6284961575657976704	refused_no_defensible_parallax
6185-442-1		139818		6262044283005302912	refused_no_defensible_parallax
6231-275-1		153705		4127871735103893504	refused_no_defensible_parallax
6242-476-1		157733		4122488251325174144	refused_no_defensible_parallax
6251-371-1		165704		4144142617415812736	refused_no_defensible_parallax
6259-2107-1	88762	312644			refused_no_defensible_parallax
6262-261-1		163159		4070197643001378688	refused_no_defensible_parallax
6270-1220-1		170330		4096655500556640640	refused_no_defensible_parallax
6295-279-1		177661		4081973000153916544	refused_no_defensible_parallax
6343-1660-1		197256		6855603265750858496	refused_no_defensible_parallax
6395-728-1		218899		2407019588165306240	refused_no_defensible_parallax
6542-2538-1	36532	59841		5615234818264147072	refused_no_defensible_parallax
6572-936-1	43428	75690		5653934432090860544	refused_no_defensible_parallax
6681-742-1		107455		3512912957523503744	refused_no_defensible_parallax
6749-742-1		127965		6223802237796007424	refused_no_defensible_parallax
6760-518-1		133074		6211979773380432640	refused_no_defensible_parallax
6811-557-1		153872		4113805751557168384	refused_no_defensible_parallax
6818-1950-1		152266		6033035527309235328	refused_no_defensible_parallax
6854-1645-1		316980		4062429318531835136	refused_no_defensible_parallax
6857-2726-1		170765		4077960744874174592	refused_no_defensible_parallax
6861-2179-1		170398		4076169503008294528	refused_no_defensible_parallax
6863-92-1	91858	172893		4076524709573265920	refused_no_defensible_parallax
6865-1013-1		170841		4048669548929228928	refused_no_defensible_parallax
6866-1163-1		172296		4072592276218004864	refused_no_defensible_parallax
6878-287-1		178964		6770141452444996096	refused_no_defensible_parallax
6882-393-1		179667		6762935974793920896	refused_no_defensible_parallax
6889-1323-1	96274	184268		6768305615921978240	refused_no_defensible_parallax
6900-2234-1		189053		6753943245283232640	refused_no_defensible_parallax
6953-342-1		207210		6816342553085162752	refused_no_defensible_parallax
6954-1126-1		208955		6813564190280657664	refused_no_defensible_parallax
6997-840-1	2530			5004023416831936640	refused_no_defensible_parallax
707-895-1		241936		3388423635390733184	refused_no_defensible_parallax
721-1930-1		250804		3329602202847340672	refused_no_defensible_parallax
728-1634-1		249394		3343765978495753856	refused_no_defensible_parallax
730-2182-1		253862		3328301583671107712	refused_no_defensible_parallax
730-7-1		253630		3328633846639278976	refused_no_defensible_parallax
7330-2616-1		144926		6036781288524608896	refused_no_defensible_parallax
7350-1089-1		150688		6027336204448630272	refused_no_defensible_parallax
7350-1281-1		150896		6027290304171349760	refused_no_defensible_parallax
7376-858-1		159291		4058477364475360384	refused_no_defensible_parallax
7378-920-1		163137		4043597536140109696	refused_no_defensible_parallax
7379-297-1		158072		4054784792020729856	refused_no_defensible_parallax
7380-312-1		317874		4054564408661544832	refused_no_defensible_parallax
7385-909-1		320468		4041131434675973888	refused_no_defensible_parallax
739-1216-1		255198		3332390980947632384	refused_no_defensible_parallax
7391-1931-1		165467		4050075785571153920	refused_no_defensible_parallax
7394-1174-1		170400		4046787288089226496	refused_no_defensible_parallax
7399-605-1		164998		4039138496731986048	refused_no_defensible_parallax
7406-224-1		169922		6733257097943032064	refused_no_defensible_parallax
7408-853-1		173379		6737067421128942080	refused_no_defensible_parallax
7423-1413-1		180571		6758078164921724544	refused_no_defensible_parallax
7423-684-1		179431		6756501087292837120	refused_no_defensible_parallax
743-1339-1		255466		3332439252084078464	refused_no_defensible_parallax
7437-1775-1	96407	184479		6740881528181241856	refused_no_defensible_parallax
7479-321-1		200382		6777312574655610624	refused_no_defensible_parallax
751-198-1		265138		3158612412267097600	refused_no_defensible_parallax
7702-900-1	48533	85898		5419212545223047040	refused_no_defensible_parallax
7758-309-1		109019		6147375459427004032	refused_no_defensible_parallax
7761-271-1		107734		6149773288132051072	no_parallax_published
7781-1395-1		112906		6139100912874613376	refused_no_defensible_parallax
7792-2172-1		117752		6161092210581640960	refused_no_defensible_parallax
7794-2027-1	67558	120487		6113727959779505280	refused_no_defensible_parallax
7807-673-1		123140		6110965200598595328	refused_no_defensible_parallax
7810-1110-1		128552		6104861055638173696	refused_no_defensible_parallax
7822-957-1		134637		6199217497099869312	refused_no_defensible_parallax
7842-1013-1		141761		5996285141400549504	refused_no_defensible_parallax
7855-39-1		144380		5996653924488907136	refused_no_defensible_parallax
7871-1384-1		150130		5969286079313753600	refused_no_defensible_parallax
7872-2038-1		152525		5969798318617395328	refused_no_defensible_parallax
7872-2291-1		322396		5970091269728822272	refused_no_defensible_parallax
7877-89-1		154809		5965284376702639616	refused_no_defensible_parallax
7893-65-1		160685		5957585836856721280	refused_no_defensible_parallax
7907-2504-1		165232		6724374079103933312	refused_no_defensible_parallax
7912-658-1		166676		6721140793354045696	refused_no_defensible_parallax
7977-931-1		199814		6484660576915985408	refused_no_defensible_parallax
8094-317-1		274956		4796962523800678528	refused_no_defensible_parallax
8190-369-1		297757		5407056585193234560	refused_no_defensible_parallax
8191-1871-1		297807		5406686187222155008	refused_no_defensible_parallax
8228-2965-1		102815		5369157450171039360	refused_no_defensible_parallax
8244-1296-1	61653			6079003634534050432	refused_no_defensible_parallax
8267-501-1	68617			6094478745294288128	refused_no_defensible_parallax
8270-1957-1	67131	119632		6094571276072749056	refused_no_defensible_parallax
8271-98-1		121657		6093647097888952960	refused_no_defensible_parallax
8275-480-1		122356		6090268268598917376	refused_no_defensible_parallax
8277-3230-1		125569		6093137203672624128	no_parallax_published
8278-3074-1	71500	128266		6098143932950518528	refused_no_defensible_parallax
8282-3091-1		126982		6091854485920476032	refused_no_defensible_parallax
8283-713-1		128934		5905782415164869120	refused_no_defensible_parallax
8293-437-1		133453		5907062104955481216	refused_no_defensible_parallax
8305-177-1		133478		5900311417131027840	refused_no_defensible_parallax
8307-1090-1		137217		5888965900269575936	refused_no_defensible_parallax
8320-1958-1		147876		5934555088300288640	refused_no_defensible_parallax
8323-2905-1		144853		5933460696283315968	refused_no_defensible_parallax
8325-2439-1		150082		5942780844009984512	no_parallax_published
8325-3858-1		148794		5943792016793706496	refused_no_defensible_parallax
8338-2190-1		150838		5936904053123504256	refused_no_defensible_parallax
8344-1931-1		163256		5954343892408177664	refused_no_defensible_parallax
8346-1083-1	85358	157597		5950246218746306816	refused_no_defensible_parallax
8352-1543-1	87389				refused_no_defensible_parallax
8353-2680-1	85072			5925395434861799424	refused_no_defensible_parallax
8354-2087-1		158782		5922204136734522368	refused_no_defensible_parallax
8381-272-1		173325		6656271428364468736	refused_no_defensible_parallax
8387-1447-1		177719		6658079747031957632	refused_no_defensible_parallax
8437-835-1		207852		6564164583389970432	refused_no_defensible_parallax
8441-84-1		209033		6561257337207686912	no_parallax_published
8445-109-1		211314		6511100399885536768	refused_no_defensible_parallax
8448-1042-1		217596		6539676638373111552	refused_no_defensible_parallax
8587-1028-1		299979		5309969193078777088	refused_no_defensible_parallax
8592-196-1	46847	82919		5306936808717438208	refused_no_defensible_parallax
8602-845-1	48865	86633		5259948285948781824	refused_no_defensible_parallax
8605-270-1	51662	91593			no_parallax_published
8635-2027-1		103344		5343794603153104640	refused_no_defensible_parallax
8641-1259-1		107737		6071817604507678464	refused_no_defensible_parallax
8644-508-1		104537		6071161608396858624	refused_no_defensible_parallax
8649-1562-1	64025	113840		6067803115747253632	refused_no_defensible_parallax
8653-1671-1		114392		6066796134897718656	refused_no_defensible_parallax
8694-1575-1		134007		5887600650418511104	refused_no_defensible_parallax
8701-514-1		142001		5884526106658330880	refused_no_defensible_parallax
8710-1256-1		143886		5932899636151369856	no_parallax_published
8711-590-1		146782		5932147260999289984	refused_no_defensible_parallax
8726-2172-1		153967		5923811657107846272	refused_no_defensible_parallax
8742-2065-1		161460		5945104490030338432	refused_no_defensible_parallax
8745-2882-1		171437		6654211802567476352	refused_no_defensible_parallax
8800-1314-1		200239		6457749931042968064	refused_no_defensible_parallax
881-34-1	61472				refused_no_defensible_parallax
8959-2515-1		306379		5337490725065727872	refused_no_defensible_parallax
8977-4540-1		309129			no_parallax_published
8982-555-1		105533		6052900060307103104	refused_no_defensible_parallax
8988-903-1	61479	109517		6054730369177817856	refused_no_defensible_parallax
8989-1428-1	63299	112536		6055751540594114816	refused_no_defensible_parallax
8993-120-1		113742		5863358136989292032	refused_no_defensible_parallax
9001-2317-1		113360		5858526741133151488	refused_no_defensible_parallax
9005-1535-1		121878		5867289578253032064	refused_no_defensible_parallax
9006-1657-1		126716		5854327195155207680	refused_no_defensible_parallax
9007-4736-1		129627		5877478958735452672	refused_no_defensible_parallax
9008-3329-1		121661		5866029297418327936	refused_no_defensible_parallax
9009-3848-1		124514		5853747683843899264	refused_no_defensible_parallax
9009-633-1		124098		5854042730896903680	no_parallax_published
9024-1496-1		133105		5873597407736762880	refused_no_defensible_parallax
9030-1612-1		139435		5825944642518756736	refused_no_defensible_parallax
9036-1781-1		143800		5832790923478280448	refused_no_defensible_parallax
9036-2948-1		143286		5833161561989472000	refused_no_defensible_parallax
9039-1488-1		153928		5914927431337015808	refused_no_defensible_parallax
9041-1260-1		147158		5828636693650101888	refused_no_defensible_parallax
9050-471-1		150887		5815318584170290944	no_parallax_published
9086-975-1		189031		6442911708091533568	refused_no_defensible_parallax
9149-110-1	7912			4638517336257869952	refused_no_defensible_parallax
9197-2129-1		311321		5269752424962793216	refused_no_defensible_parallax
9213-2713-1	48400			5242738283265638656	refused_no_defensible_parallax
9226-747-1		310980		5235639904946845696	refused_no_defensible_parallax
9262-532-1		133184		5799041585831246592	refused_no_defensible_parallax
9407-578-1	44949			5195832223867865088	refused_no_defensible_parallax
9416-531-1		108270		5836837401100512640	refused_no_defensible_parallax
9433-779-1		138501		5779437156054630144	refused_no_defensible_parallax
9464-1175-1		190654		6361896259680363776	refused_no_defensible_parallax
9468-437-1		190378		6361577023350937472	refused_no_defensible_parallax
