gaia_source_id	hip
	
	
	
	
	
	
	
	
	
	
	
	
	
	
	
	
	
	
	
	
	
	
	
	
	
	
	
	
	
	
	
	
	
	
	
	
	
	
	
	
	
	
	
	
	
	
	
	
	
	
	
	
	
	
	
	
	
	
	
	
	
	
	
	
	
	
	
	
	
	
	
	
	
	
	
	
	
	
	
	
	
	
	
	
	
	
	100086
	100109
	100364
	103992
	103995
	104243
	104833
	106290
	10659
	110145
	111277
	111432
	111584
	112469
	112856
	115125
	115983
	117643
	120413
	120416
	14951
	17642
	1902
	19424
	19708
	20560
	2189
	22992
	24360
	24539
	24648
	26220
	27262
	29119
	31437
	31500
	31781
	32340
	33543
	34356
	34716
	3482
	35195
	36609
	36642
	37417
	41110
	421
	43329
	43344
	43946
	45108
	45789
	46500
	48645
	50640
	51426
	53310
	53573
	54353
	55826
	59189
	60178
	61062
	62947
	65908
	68820
	69192
	70878
	71228
	72588
	72589
	75865
	75901
	76462
	77442
	78411
	78528
	79729
	80630
	80796
	83042
	83369
	86261
	8713
	87343
	91924
	92400
	92536
	93563
	94279
	95811
	96410
	96569
	97237
	97570
	98625
	98909
	99261
1477446592088319872	
1569872707752174208	
1740318210014704256	
1814395228960523776	
1828002991072296832	
1833141902213695744	
1834964170959590528	
1837688520231257472	
2006061271296861824	
2020088874998745600	
2174732367945054336	
2343774515400260096	
2595463992699783424	
2652874103283293696	112255
2783378162041480832	
2832139647306679296	
2921209847330984064	
2968409132728333312	
3004090445413282048	
3046641343550889344	
3047117878765526144	
3048017485434934400	
3050810897805311872	
3058453019015202304	
3114891878576547968	
3128792213812754176	
3131797930705779712	
3134032932907902976	
3142052633276822144	
3159072729681319424	
3310415694878048256	
3328234002363625344	
3334480499718518528	
3349946127197206016	
3371412403802635904	
3381805056427832576	
341859334970341120	
3429052106165981824	
3447319323629751040	
3448162477248680704	
3476067257725845760	
3565749679559100672	
3688439268658769664	
4048772280172968064	
4050465429355728768	
4050729930614072064	
4055549364931696000	
4059460018619824384	
4066079112912950016	
4071088900307252224	
4087431491281032704	
4089653084566356864	
4094730496146171648	
413774782786117120	
4251581980307272576	92322
4304395749973036544	
4304546554861937792	
430488493398780288	1743
4409339908570767616	
449231387073720704	17286
4545365955238156800	
458370940045865088	
4654761074380987904	
4657589254497529344	
4657901451451575936	
4659428084625280768	
4659482789658043136	
4660135826507549824	
4662413606586588160	22237
4685876050900042880	3945
4690516883290136832	
477735092147439616	22125
4806738698296922496	
4819481728826061696	
4834077127208447488	
4871600091810285440	
508121436018447744	8772
5308597414884274304	
5333926859929953536	
5337869060142612224	
5339172153213672576	
5339380575045055488	
5343640396649042816	
5353099495180554624	
5418994326525041408	
5425574663098775296	
5489903789901604992	
5547781394804255488	
5610728328106382336	
5696333387173285248	
5800272798346997376	
5848224420254043392	
5864602303124552448	66859
5925368840444421888	
5936033755321547264	
5942698896041006592	
5955226319227088128	
5958568868968120576	
5959987616918959360	
5961162303292264576	
5964339827488248960	
5968100775757315584	
6055854065741096960	
6056259068307409152	
6200337835023861376	
6226414677429019136	
6253855086042674944	
6617257594711726976	
6692177011361195520	
6769032049513188992	
6849895460375124224	
6881814729605180032	
