gaia_source_id	label	field	spine	overlay	applied	disposition
4911306239828325760	p Eridani / HD 10361	hip		7751		suppressed-collision
898506093171335424	Gaia 898506093171335424	hip		36626		suppressed-collision
1002469148121650944	HIP 33048 / HD 49618	hd	49618	49618|49619	49619	extra-sibling-rendered
1068346971415274880	HIP 46960	hd		82285		suppressed-collision
1070770191963666816	HIP 47461 / HD 83270	hd	83270	83270|83271	83271	extra-alias
1083139560337156992	HIP 39878	hd		66976	66976	added
111968221155410560	HIP 14376 / HD 19134	hd	19134	19134|19135	19135	extra-sibling-rendered
1175827016168739456	HIP 70327 / HD 126128	hd	126128	126129	126129	overlay-wins
1185648953539868800	HIP 71795 / HD 129246	hd	129246	129247	129247	overlay-wins
1186926414252534912	HIP 73543	hd		133031		suppressed-collision
125355118820537600	HIP 14924	hd		278430	278430	added
1260940039477011200	HIP 69523 / HD 124587	hd	124587	124587|124588	124588	extra-sibling-rendered
1279798794197267072	Izar / HIP 72105 / HD 129988	hd	129988	129989	129989	overlay-wins
1372399457330033536	HIP 78649 / HD 144208	hd	144208	144208|144209	144209	extra-alias
1374656960858803072	HIP 76566	hd		139691		suppressed-collision
1374695306328813568	HIP 76669 / HD 139891	hd	139891	139892	139892	overlay-wins
1380911464035595776	HIP 79957 / HD 147275	hd	147275	147275|147276	147276	extra-sibling-rendered
151222023217990016	HIP 20895	hd		283646	283646	added
152008414550182784	HIP 20652	hd		283648	283648	added
1534726543690693760	HIP 60791 / HD 108464	hd	108464	108464|108465	108465	extra-alias
157078601966817152	HIP 23608 / HD 32447	hd	32447	282867	282867	overlay-wins
157350701032081792	HIP 23302	hd		282724	282724	added
159904351147143040	HIP 22677	hd		282528	282528	added
1690803628003157504	HIP 60127	hd		107360	107360	added
173000664208094080	HIP 21197	hd		279984	279984	added
1742076603985458304	HIP 105747 / HD 203943	hd	203943	203943|203944	203944	extra-sibling-rendered
1763406098773035136	HIP 103890 / HD 200428	hd	200428	200428|200429	200429	extra-alias
1764865081981608832	HIP 103678	hd		200045	200045	added
1801210568415251072	HIP 107310 / HD 206826	hd	206826	206827	206827	overlay-wins
1802751400823972736	HIP 99754	hd		357112	357112	added
1813778712174215680	HIP 103028 / HD 198810	hd	198810	198810|198811	198811	extra-sibling-rendered
1819326366813174784	HIP 101870 / HD 196753	hd	196753	196753|196754	196754	extra-alias
1820374029621976704	HIP 97904 / HD 188262	hd	188262	188262|188263	188263	extra-alias
1821240857113023488	HIP 97699	hd		350713	350713	added
1823476232957094400	HIP 120148	hd		351151	351151	added
1826624856333297536	HIP 97563	hd		345055	345055	added
1828149707142474240	HIP 98000	hd		345180	345180	added
1832473811473526912	HIP 100682	hd		340279	340279	added
1855600767245086464	HIP 101850	hd		340719|340720	340719	added
1855600767245086464	HIP 101850	hd		340719|340720	340720	extra-alias
1856158421494882176	HIP 102238	hd		340923	340923	added
1857076174414729984	HIP 101497	hd		340531	340531	added
1859142496051862016	HIP 102004	hd		334958	334958	added
189818660926506624	HIP 26803 / HD 37614	hd	37614	37614|37615	37615	extra-alias
190371646553998592	HD 281098	hd	281098	35908|281098	35908	extra-alias
1993663624847117568	HIP 118287 / HD 224646	hd	224646	224646|224647	224647	extra-alias
2019556814492396544	HIP 96192	hd		344546	344546	added
2020506380187203200	HIP 97209 / HD 186745	hd	186745	186745|186746	186746	extra-alias
2023341986313844864	HIP 94341	hd		343877	343877	added
2026641620708032640	HIP 97765 / HD 187982	hd	187982	187982|187983	187983	extra-alias
2026759680771273216	HIP 97795	hd		188060		suppressed-collision
2031777881890550656	HIP 97174	hd		332544	332544	added
203399656754949888	HIP 22452	hd		276885	276885	added
2053794438305564672	HIP 100141	hd		334032	334032	added
2064979667011780992	HIP 102648 / HD 198287	hd	198287	198287|198288	198288	extra-sibling-rendered
2084032554258818944	HIP 100859 / HD 195068	hd	195068	195068|195069	195069	extra-alias
2090687795056051328	Sheliak / HIP 92420 / HD 174638	hd	174638	174638|174639	174639	extra-sibling-rendered
2098202128093842432	HIP 91926 / HD 173607	hd	173607	173608	173608	overlay-wins
2131377009542941440	HIP 93473 / HD 177390	hd	177390	177390|177391	177391	extra-alias
2132788541955849984	HIP 94336 / HD 179957	hd	179957	179958	179958	overlay-wins
2141655450397401472	HIP 96003 / HD 184398	hd	184398	184398|184399	184399	extra-alias
2143847082010882176	HIP 92204 / HD 174343	hd	174343	174343|174344	174344	extra-sibling-rendered
2144499440301348480	HIP 92556 / HD 234730	hd	234730	234729|234730	234729	extra-alias
2156998993426001280	HIP 91921 / HD 174016	hd	174016	174016|174017	174017	extra-alias
2162766279834057728	HIP 104220 / HD 201270	hd	201270	201270|201271	201271	extra-alias
216681447977356544	HIP 17468	hd		281159		suppressed-collision
2180169006262367104	HIP 101398 / HD 196088	hd	196088	196088|196089	196089	extra-sibling-rendered
2190848700139092224	HIP 103130 / HD 199306	hd	199306	199306|199307	199307	extra-sibling-rendered
2220030941329824256	HIP 109339	hd		210604		suppressed-collision
223354555846989952	HIP 17536	hd		275839	275839	added
223905857848701184	HIP 17719	hd		275812	275812	added
2281720140715569536	HIP 115513 / HD 220636	hd	220636	220636|220637	220637	extra-alias
2286942374270097664	HIP 111852 / HD 215318	hd	215318	215318|215319	215319	extra-alias
235455231065085824	HIP 15466	hd		275227	275227	added
2385897355615864192	HIP 114375 / HD 218640	hd	218640	218640|218641	218641	extra-sibling-rendered
2390140645865479168	HIP 117610	hd		223621		suppressed-collision
2390282585944752128	HIP 117824 / HD 223932	hd	223932	223932|223933	223933	extra-alias
2393445601724538496	HIP 115614 / HD 220611	hd	220611	220611|220612	220612	extra-alias
239412613932870272	HIP 15446	hd		275052	275052	added
2493243363030533632	HIP 10382 / HD 13728	hd	13728	13728|13729	13729	extra-alias
2626011522388850176	HIP 109874	hd		211140	211140	added
2809005372903101824	HIP 3885 / HD 4757	hd	4757	4758	4758	overlay-wins
2834054034490190720	HIP 111669	hd		214360	214360	added
2875096978193873024	HIP 118281 / HD 224635	hd	224635	224636	224636	overlay-wins
2923950964174723584	HIP 31736 / HD 47579	hd	47579	47579|47580	47580	extra-alias
2977091769892115968	HIP 21900 / HD 29961	hd	29961	29961|29962	29962	extra-alias
3040314066444966272	HIP 37041 / HD 60966	hd	60966	60966|60967	60967	extra-alias
3091628583352666496	HIP 40597 / HD 69479	hd	69479	69479|69480	69480	extra-alias
3102830339100413568	HIP 33004	hd		295631	295631	added
3105511326404616960	HIP 32573	hd		295525	295525	added
3105581901307930752	HIP 32214	hd		295354	295354	added
3105887531181501696	HIP 32600	hd		295522	295522	added
3111232222844668800	HIP 34421	hd		293336	293336	added
3115721215281475840	HIP 33513 / HD 51565	hd	51565	51566	51566	overlay-wins
3126009521681592448	HIP 32138	hd		288966	288966	added
3126715889184635904	HIP 31669 / HD 47221	hd	47221	47221|288839	288839	extra-alias
3127458403131746048	HIP 32516	hd		263902	263902	added
3129879355935398784	HIP 33312 / HD 266432	hd	266432	266532	266532	overlay-wins
3133199881050130688	HIP 32445	hd		263584	263584	added
3185880919107441920	HIP 21986 / HD 30020	hd	30020	30021	30021	overlay-wins
3213259926868811008	HIP 23533	hd		293764	293764	added
3224286069991830400	HIP 26617	hd		246067	246067	added
3226875213717114112	HD 289965	hd	289965	32840|289965	32840	extra-alias
3234110378185664128	HIP 24349 / HD 33883	hd	33883	33883|33884	33884	extra-sibling-rendered
3238794606957064448	HIP 24289	hd		241659	241659	added
3247046373003772032	HIP 18255 / HD 24554	hd	24554	24555	24555	overlay-wins
3291548826963299968	HIP 23155	hd		287317	287317	added
3300315443626902016	HIP 19441	hd		286572	286572	added
3302888713153127680	HIP 18477	hd		286388	286388	added
3306104544145237504	HIP 21091	hd		286854	286854	added
3314564182313502208	HIP 21089	hd		285842	285842	added
3316078695157768448	HIP 27588 / HD 39118	hd	39118	39118|39119	39119	extra-alias
3316618551071187968	HIP 28627	hd		250825	250825	added
3320195640352652416	HIP 27930	hd		249135	249135	added
3324299881039809920	HIP 30725	hd		257546	257546	added
3327083913201412096	HIP 30947	hd		258361	258361	added
3329457346488528384	HIP 29132	hd		252363	252363	added
3340374260001078016	HIP 26676	hd		246132	246132	added
3341972675029791488	HIP 28135	hd		249513	249513	added
3344245331204185856	HIP 29184	hd		252488	252488	added
3345191151723045120	HIP 29127	hd		252266	252266	added
3347257335931330304	HIP 27802	hd		248743	248743	added
3356016324735813120	HIP 32009	hd		261933	261933	added
3356028281925143424	HIP 31581	hd		260472	260472	added
3356599340777616384	HIP 30586 / HD 45044	hd	45044	45044|45045	45045	extra-alias
3358350759719430656	HIP 32488 / HD 48953	hd	48953	48953|48954	48954	extra-alias
3361678053703522560	HIP 34034	hd		268472	268472	added
3365039157670197888	HIP 33565	hd		267123	267123	added
3365396498949922432	HIP 32797 / HD 49635	hd	49635	49635|49636	49636	extra-alias
3370363130410784256	HIP 29875	hd		254504	254504	added
3372397841100418944	HIP 30734 / HD 257415	hd	257415	257416	257416	overlay-wins
3373342768264623744	HIP 29543	hd		253531	253531	added
337715447443209984	HIP 13036 / HD 17245	hd	17245	17245|17246	17246	extra-alias
3383456282376391296	HIP 30755	hd		257467	257467	added
3387643428811592960	HIP 24548	hd		242126	242126	added
3394397733037714816	HIP 24558	hd		242137	242137	added
3394570974838757120	HIP 24861	hd		242635	242635	added
3395598567238221952	HIP 24435	hd		241849	241849	added
3407514116482949248	HIP 23579	hd		285220	285220	added
3411254277083673472	HIP 21639	hd		284612	284612	added
3414648052865892224	HIP 24543	hd		242054	242054	added
3415929056928306688	HIP 24283	hd		241511	241511	added
3418180440127716736	HIP 25249	hd		243191	243191	added
3418915433588729856	HIP 24007	hd		241063	241063	added
3421907788842792704	HIP 23814 / HD 32835	hd	32835	32835|32836	32836	extra-alias
3423740532992304512	HIP 28806	hd		251177	251177	added
3424919175098331776	HIP 28279	hd		249731	249731	added
3425022464768478976	HIP 29342	hd		252866	252866	added
3425067574806668928	HIP 29296	hd		252705	252705	added
3425467900117540608	HIP 29405	hd		253016	253016	added
3425519989480899840	HIP 29312	hd		252779	252779	added
3426222646130940800	HIP 28871	hd		251363	251363	added
3426790513824407552	HIP 29338	hd		252804	252804	added
3432271162674608384	HIP 30304	hd		44328		suppressed-collision
3446310521708779136	HIP 25789	hd		244201	244201	added
3449846997782077184	HIP 28229	hd		249544	249544	added
3481124942493904512	HIP 57341 / HD 102171	hd	102171	102171|102172	102172	extra-alias
3482326708703712896	HIP 56280 / HD 100286	hd	100286	100287	100287	overlay-wins
3483360902468848000	HIP 55624 / HD 99044	hd	99044	99043	99043	overlay-wins
3574377684740966016	HIP 59273	hd		105590		suppressed-collision
3578407085619049856	HIP 61125	hd		91168	91168	added
376603455732600832	HIP 4675 / HD 5788	hd	5788	5789	5789	overlay-wins
3837668697633324544	HIP 46552 / HD 82072	hd	82072	82073	82073	overlay-wins
3905587042708682496	HIP 59737 / HD 106513	hd	106513	106512	106512	overlay-wins
3905680879155220096	HIP 59739 / HD 106512	hd	106512	106513	106513	overlay-wins
3986806386104596864	HIP 52747	hd		93362	93362	added
4013515001012322688	HIP 60018 / HD 107054	hd	107054	107054|107055	107055	extra-alias
4038868571045910272	HIP 88805 / HD 165468	hd	165468	165468|165469	165469	extra-alias
4044220168984616832	HIP 88042	hd		316901	316901	added
4048340210820128768	HD 171396	hd	171396	171396|171397	171397	extra-sibling-rendered
4050060740361658368	HIP 88907 / HD 165767	hd	165767	165767|165768	165768	extra-alias
4050882728374625792	HIP 89238 / HD 166612	hd	166612	166612|166613	166613	extra-alias
4051476838257806464	HIP 90154	hd		317479	317479	added
4052636861765817600	HD 167317	hd	167317	167317|315423	315423	extra-alias
4056205017476052736	HIP 87956	hd		316766	316766	added
4057351361471916416	HIP 87419	hd		316407	316407	added
4057436882852145664	HIP 87429	hd		316514	316514	added
4058517015609175808	HIP 86138	hd		316013	316013	added
4059492316782567552	HIP 85396	hd		315809	315809	added
4059522106686776704	HIP 85148	hd		315741	315741	added
4060002490155441280	HIP 86260	hd		316092	316092	added
4060934876044428416	HIP 86327	hd		316048	316048	added
4061329497618515200	HIP 86110	hd		315965	315965	added
4062348744834953472	HIP 88001	hd		316856	316856	added
4062372075170579200	HIP 88075	hd		316849	316849	added
4066129415573355136	HD 315014	hd	315014	315014|315015	315015	extra-alias
4067575204628306304	HIP 87940 / HD 314773	hd	314773	314773|314774	314774	extra-alias
4069404723286651776	HIP 87942	hd		313502	313502	added
4069498594063996544	HD 313491	hd	313491	313491|313492	313492	extra-alias
4070462483494105600	HIP 87458	hd		313401	313401	added
4090880173903605376	HIP 89687	hd		314217	314217	added
4091020228563674240	HIP 90145	hd		314446	314446	added
4091171686269502336	HIP 90211	hd		314428	314428	added
4091263048791610496	HIP 89751	hd		314329	314329	added
4093006565066268800	HIP 90153	hd		313300	313300	added
4094341269029556864	HIP 89567 / HD 167570	hd	167570	167570|167571	167571	extra-sibling-rendered
4097798477173398144	HIP 90001 / HD 168701	hd	168701	168701|168702	168702	extra-alias
4109030160308320128	Guniibuu / HIP 84405 / HD 155885	hd	155885	155886	155886	overlay-wins
4179082004549449600	HD 163444	hd	163444	163444|163445	163445	extra-alias
4184011836737423872	HIP 95176 / HD 181615	hd	181615	181615|181616	181616	extra-sibling-rendered
4210903485962518528	HIP 95068 / HD 181394	hd	181394	181394|181395	181395	extra-sibling-rendered
4241898787478443008	HD 187675	hd	187675	187675|357395	357395	extra-alias
4247123838530019456	HD 357830	hd	357830	357830|357831	357831	extra-alias
4263637060096521216	HIP 95155 / HD 181731	hd	181731	181731|181732	181732	extra-alias
4302670684951953280	HIP 97051	hd		355784	355784	added
4304528687797449984	HIP 97473 / HD 187259	hd	187259	187260	187260	overlay-wins
4304669116062667008	HIP 96957 / HD 186203	hd	186203	186203|186204	186204	extra-sibling-rendered
430763165145655296	HIP 2656	hd		2973		suppressed-collision
4308577020901972480	HIP 95301 / HD 182219	hd	182219	182220	182220	overlay-wins
4312610201366622720	HIP 93695	hd		230607	230607	added
4313895186862148352	HIP 93992 / HD 178452	hd	178452	178452|178453	178453	extra-sibling-rendered
4323236152270422528	HIP 95756	hd		231533	231533	added
433622720000360960	HIP 13804 / HD 18282	hd	18282	18281	18282	suppressed-collision
4425847835083264	HIP 14915 / HD 19926	hd	19926	19926|19927	19927	extra-alias
442864630630292480	HIP 15167 / HD 232768	hd	232768	232767|232768	232767	extra-alias
4478420918484111360	HIP 90313 / HD 169689	hd	169689	169689|169690	169690	extra-alias
4499054731639035520	HIP 89023 / HD 166479	hd	166479	166480	166480	overlay-wins
4510461889912122880	HIP 91980	hd		229356	229356	added
4513759428381980544	HIP 93445	hd		230473	230473	added
4514479230540791680	HD 230858	hd	230858	230858|349876	349876	extra-sibling-rendered
4532952022299038976	HIP 92818 / HD 175492	hd	175492	175492|175493	175493	extra-sibling-rendered
4534574042461915776	HIP 93030	hd		337266	337266	added
4542224169482067840	HIP 85229	hd		157789		suppressed-collision
4576147844112599424	Bodu / HIP 88267 / HD 164668	hd	164668	164669	164669	overlay-wins
4579553134705380992	HIP 88421	hd		335569		suppressed-collision
4755974139066452864	HIP 27948	hd		271671	271671	added
4783369128404125952	HIP 22570 / HD 31244	hd	31244	31244|31245	31245	extra-alias
4921558670360846592	HIP 3340 / HD 4083	hd	4083	4082	4082	overlay-wins
4921558739080323840	HIP 3337 / HD 4082	hd	4082	4083	4083	overlay-wins
5010625125164838528	HIP 7460	hd		9918		suppressed-collision
50327297200978176	HIP 18946	hd		285348	285348	added
50529469901830016	HIP 18784	hd		285280	285280	added
50546271813859200	HIP 18787	hd		285279	285279	added
509008535743225600	HIP 7251 / HD 9352	hd	9352	9352|9353	9353	extra-alias
5129686394613070208	HIP 11323	hd		15146		suppressed-collision
5157020665996037248	HIP 13002 / HD 17404	hd	17404	17405	17405	overlay-wins
5216690303044351872	HIP 42168	hd		311465	311465	added
5230685707378403584	HIP 50682 / HD 90076	hd	90076	90076|90077	90077	extra-alias
5234939550382110976	HIP 56075	hd		310545	310545	added
5237463371929891968	HIP 55597 / HD 99103	hd	99103	99104	99104	overlay-wins
5241387327103874304	HIP 52840	hd		93796		suppressed-collision
5249921427101714176	HIP 47657	hd		309703	309703	added
5258799261934012928	HIP 49907 / HD 88605	hd	88605	88605|88606	88606	extra-alias
5284151216932205312	HIP 28618	hd		271791	271791	added
5296922491162573824	HD 309579	hd	309579	79209|309579	79209	extra-alias
5298084984191427584	HIP 44435	hd		78084	78084	added
5311011770618920832	HIP 45096	hd		299896	299896	added
5311137973941963904	HIP 45050	hd		299879	299879	added
53117685914406912	HIP 19075	hd		284138	284138	added
533418277991180288	HIP 4800 / HD 5837	hd	5837	5837|5838	5838	extra-alias
5339949233044258688	HIP 54834	hd		303940	303940	added
5343850742643949824	HIP 57812	hd		302013	302013	added
5348142793675309056	HIP 55849 / HD 99574	hd	99574	99574|99575	99575	extra-sibling-rendered
5350812957675754112	HIP 52274 / HD 92692	hd	92692	92692|92693	92693	extra-alias
5352916014186101376	HIP 52611 / HD 93340	hd	93340	93339	93339	overlay-wins
5352916082906957312	HIP 52607 / HD 93339	hd	93339	301011	301011	overlay-wins
5353360453075503232	HIP 53277 / HD 94530	hd	94530	94530|94531	94531	extra-alias
5369512970388039936	HIP 56842 / HD 101310	hd	101310	101310|101311	101311	extra-alias
5407984950961414400	HIP 48634 / HD 297632	hd	297632	297631	297631	overlay-wins
5474165135645869952	HIP 51501 / HD 91172	hd	91172	91172|91173	91173	extra-sibling-rendered
5476730128776610944	HIP 28436	hd		271749	271749	added
5506284760811112064	HIP 36678	hd		60575		suppressed-collision
5524787651724817280	HIP 43673 / HD 76304	hd	76304	76304|76305	76305	extra-alias
5546088112527125632	HIP 39620	hd		67264	67264	added
557607327640557440	HIP 19461 / HD 25007	hd	25007	25007|25008	25008	extra-sibling-rendered
5578540782338034304	HIP 34008	hd		53404		suppressed-collision
5586147890974345472	HIP 35960 / HD 58634	hd	58634	58635	58635	overlay-wins
5591831159198774656	HIP 37099 / HD 61328	hd	61328	61328|61329	61329	extra-alias
5597873220423123584	HIP 39545	hd		66964		suppressed-collision
5612323414549657728	HIP 37229 / HD 61555	hd	61555	61556	61556	overlay-wins
5614792157445082752	HIP 38095	hd		63504	63504	added
5620221103495150336	HIP 36223 / HD 59076	hd	59076	59076|59077	59077	extra-alias
5625635751577662720	HIP 43590 / HD 76072	hd	76072	76072|76073	76073	extra-sibling-rendered
5632038276500794496	HIP 46657 / HD 82383	hd	82383	82384	82384	overlay-wins
5652111201296339072	HIP 43041 / HD 74946	hd	74946	74946|74947	74947	extra-alias
5696599091028700416	HIP 41412 / HD 71466	hd	71466	71466|71467	71467	extra-alias
5756766016559683200	HIP 43822 / HD 76369	hd	76369	76370	76370	overlay-wins
5793367311243059456	HIP 73871 / HD 132656	hd	132656	132656|132657	132657	extra-alias
5800150374599578496	HIP 73152	hd		131356	131356	added
5823565986543322240	HIP 74724 / HD 134897	hd	134897	134897|134898	134898	extra-alias
5829823479027898496	HIP 79637 / HD 145527	hd	145527	145527|145528	145528	extra-alias
5834232658151593472	HIP 77160 / HD 140178	hd	140178	140178|140179	140179	extra-sibling-rendered
5836281598082648320	HIP 79133 / HD 144534	hd	144534	144534|144535	144535	extra-alias
5853890929569423616	HIP 68964 / HD 122938	hd	122938	122938|122939	122939	extra-alias
5856060059837366912	HIP 60278 / HD 107463	hd	107463	107463|107464	107464	extra-alias
5856166884258428672	HIP 58848 / HD 104811	hd	104811	104811|104812	104812	extra-alias
5865679480878606464	HIP 66379 / HD 118137	hd	118137	118137|118138	118138	extra-alias
5867472303363500672	HIP 67783	hd		120767	120767	added
5873984023533350400	HIP 72773 / HD 130701	hd	130701	130701|130702	130702	extra-sibling-rendered
5876786747391373696	HIP 75323 / HD 136415	hd	136415	136415|136416	136416	extra-sibling-rendered
5878286859176627840	HIP 72482 / HD 130205	hd	130205	130205|130206	130206	extra-sibling-rendered
5881881918654215040	HIP 76753 / HD 139298	hd	139298	139298|139299	139299	extra-alias
588551501854159744	Subra / HIP 47508 / HD 83808	hd	83808	83808|83809	83809	extra-sibling-rendered
5892312298245855616	HIP 70179 / HD 125481	hd	125481	125481|125482	125482	extra-alias
5895511842720346880	HIP 69007 / HD 123146	hd	123146	123146|123147	123147	extra-alias
589720969909458176	HIP 46634	hd		82159		suppressed-collision
5917694897793466880	HIP 83390	hd		153432		suppressed-collision
5933586075026511744	HIP 80412 / HD 147438	hd	147438	147438|147439	147439	extra-alias
5949258135737290752	HIP 85820 / HD 158479	hd	158479	158479|158480	158480	extra-alias
5953089899407021696	HIP 84452	hd		329666	329666	added
5966457899193959936	HD 152437	hd	152437	152437|326338	326338	extra-alias
5971199405688252928	HD 151002	hd	151002	151002|321952	321952	extra-alias
5972810563833563648	HIP 85020 / HD 157038	hd	157038	157038|157039	157039	extra-alias
5975889887888213248	HIP 85676 / HD 158394	hd	158394	158394|158395	158395	extra-alias
5982257881315719808	HIP 77239 / HD 140523	hd	140523	140523|140524	140524	extra-alias
5989656117080416768	HIP 77321	hd		327352	327352	added
602321510603179264	HIP 42795 / HD 74228	hd	74228	74228|74229	74229	extra-alias
6026583902378507392	HIP 83404	hd		153764	153764	added
6033403623218517248	HIP 83195	hd		153350	153350	added
6035265023316246016	HD 144368	hd	144368	144368|144369	144369	extra-alias
6038073970589665280	HIP 80399 / HD 147722	hd	147722	147723	147723	overlay-wins
6055152993954533632	HIP 62359	hd		311863	311863	added
6056385168555011840	HIP 62571 / HD 111331	hd	111331	111331|111332	111332	extra-alias
6058017496664039168	HIP 60546 / HD 107979	hd	107979	107979|107980	107980	extra-alias
6077903779308400256	HIP 61063	hd		108899	108899	added
6106909750736210048	HIP 67017	hd		119405	119405	added
6158333261028864000	HD 109587	hd	109587	109587|109588	109588	extra-alias
6193638132719624320	HIP 64589	hd		114963	114963	added
6258554673619817216	HIP 75858 / HD 137975	hd	137975	137975|137976	137976	extra-alias
626241416128895616	HIP 48843	hd		86276	86276	added
628411856378018560	HIP 49747 / HD 88021	hd	88021	88021|88022	88022	extra-sibling-rendered
6289248090458173568	HIP 67694 / HD 120793	hd	120793	120794	120794	overlay-wins
6289248090458174464	HIP 67688	hd		120793	120793	added
6293889335197400064	HIP 67744 / HD 120901	hd	120901	120901|120902	120902	extra-sibling-rendered
6362604104650994816	HIP 98757 / HD 188136	hd	188136	188136|188137	188137	extra-alias
6443377905319179264	HIP 99512 / HD 191155	hd	191155	191155|191171	191171	extra-alias
6571411430168175488	HIP 108639 / HD 208926	hd	208926	208926|208927	208927	extra-alias
66010696701152384	HIP 19009 / HD 25555	hd	25555	25555|25556	25556	extra-sibling-rendered
66581961710329984	HIP 18263	hd		283167	283167	added
6697163605830036096	HD 189401	hd	189401	189401|189402	189402	extra-alias
6699199317248760960	HIP 99606	hd		191756		suppressed-collision
6723162172446338176	HIP 90286 / HD 169051	hd	169051	169183	169183	overlay-wins
6724105656508792576	HIP 88726 / HD 165189	hd	165189	165190	165190	overlay-wins
6726876327040339712	HIP 90968 / HD 170868	hd	170868	170867	170868	suppressed-collision
675332278144070784	HIP 38106 / HD 63208	hd	63208	63208|63209	63209	extra-sibling-rendered
680022210631907456	HIP 41404 / HD 71150	hd	71150	71151	71151	overlay-wins
6857801911049835264	HIP 103138	hd		358564	358564	added
6882756014636634752	HD 198850	hd	198850	198850|358533	358533	extra-alias
6885784580759052288	HIP 104493	hd		358328	358328	added
6888391939441650944	HIP 103672	hd		358150	358150	added
6888560851915102464	HIP 103337	hd		358059	358059	added
6892638798808049408	HIP 105504	hd		358435	358435	added
884282471454638080	HIP 33915	hd		268006	268006	added
891024676756129408	HIP 33943	hd		268053	268053	added
970003524691958528	HIP 29388 / HD 42126	hd	42126	42127	42127	overlay-wins
988195941005525760	HIP 34866	hd		54649		suppressed-collision
111968221155410560	HIP 14376 / HD 19134	hr	927	927|928	928	extra-sibling-rendered
1175827016168739456	HIP 70327 / HD 126128	hr	5385	5386	5386	overlay-wins
1185648953539868800	HIP 71795 / HD 129246	hr	5477	5478	5478	overlay-wins
1279798794197267072	Izar / HIP 72105 / HD 129988	hr	5505	5506	5506	overlay-wins
1374695306328813568	HIP 76669 / HD 139891	hr	5833	5834	5834	overlay-wins
1801210568415251072	HIP 107310 / HD 206826	hr	8309	8310	8310	overlay-wins
2098202128093842432	HIP 91926 / HD 173607	hr	7053	7054	7054	overlay-wins
2132788541955849984	HIP 94336 / HD 179957	hr	7293	7294	7294	overlay-wins
2809005372903101824	HIP 3885 / HD 4757	hr	230	231	231	overlay-wins
2875096978193873024	HIP 118281 / HD 224635	hr	9074	9075	9075	overlay-wins
3185880919107441920	HIP 21986 / HD 30020	hr	1505	1506	1506	overlay-wins
3247046373003772032	HIP 18255 / HD 24554	hr	1211	1212	1212	overlay-wins
3482326708703712896	HIP 56280 / HD 100286	hr	4443	4444	4444	overlay-wins
376603455732600832	HIP 4675 / HD 5788	hr	282	283	283	overlay-wins
4109030160308320128	Guniibuu / HIP 84405 / HD 155885	hr	6401	6402	6402	overlay-wins
4576147844112599424	Bodu / HIP 88267 / HD 164668	hr	6729	6730	6730	overlay-wins
5586147890974345472	HIP 35960 / HD 58634	hr	2842	2843	2843	overlay-wins
5612323414549657728	HIP 37229 / HD 61555	hr	2948	2949	2949	overlay-wins
5632038276500794496	HIP 46657 / HD 82383	hr	3780	3781	3781	overlay-wins
5756766016559683200	HIP 43822 / HD 76369	hr	3552	3553	3553	overlay-wins
5869474617129630976	HD 116072	hr		5034	5034	added
6038073970589665280	HIP 80399 / HD 147722	hr	6105	6106	6106	overlay-wins
6053807844583576064	HD 108250	hr		4729	4729	added
6126469139186679808	HD 105383	hr		4619	4619	added
6245698187231874816	HD 145501	hr		6026	6026	added
6724105656508792576	HIP 88726 / HD 165189	hr	6749	6750	6750	overlay-wins
6726876327040339712	HIP 90968 / HD 170868	hr	6952	6953	6952	suppressed-collision
680022210631907456	HIP 41404 / HD 71150	hr	3310	3311	3311	overlay-wins
970003524691958528	HIP 29388 / HD 42126	hr	2175	2176	2176	overlay-wins
1002898644851988352	HIP 33805	gl		GJ 11026	GJ 11026	added
104453918172129792	HIP 9829 / HD 12846	gl		GJ 10295	GJ 10295	added
1057879895596316416	HIP 56936	gl		GJ 9371	GJ 9371	added
1072844970405231104	HIP 53580	gl	Gl 406.1	GJ 9341	GJ 9341	overlay-wins
1088813933689615872	HIP 36834	gl	Gl 277.1	GJ 9236	GJ 9236	overlay-wins
1090049716041842816	HIP 41689	gl	Gl 308.1	GJ 9266	GJ 9266	overlay-wins
1108529414127974656	HIP 36635	gl	Gl 275.1	GJ 9235	GJ 9235	overlay-wins
1113055759899565568	HIP 32313	gl	GJ 9216	GJ 2050	GJ 2050	overlay-wins
1185619988280226944	HIP 72146 / HD 130004	gl		GJ 12127	GJ 12127	added
1209182041427374080	HIP 75277 / HD 136923	gl		GJ 12215	GJ 12215	added
1219254942328596736	HIP 78709 / HD 144287	gl	Gl 609.2	GJ 9542	GJ 9542	overlay-wins
1222646935698492160	Alphecca / HIP 76267 / HD 139006	gl		GJ 9524	GJ 9524	added
1230894097540611968	HIP 68030 / HD 121560	gl		GJ 11999	GJ 11999	added
1265702917689682944	HIP 72875 / HD 131582	gl		GJ 9500	GJ 9500	added
1413099460779606528	HIP 81563	gl		GJ 12390	GJ 12390	added
1416124285987232256	HIP 84616 / HD 156985	gl		GJ 12477A	GJ 12477A	added
1429437378934511616	HIP 79796	gl	Gl 616.2	GJ 9552	GJ 9552	overlay-wins
1469230212276302080	HIP 66193 / HD 118096	gl		GJ 9451	GJ 9451	added
1527631807474248448	HIP 63406 / HD 112914	gl		GJ 11879	GJ 11879	added
154660191781205120	HIP 21988 / HD 29883	gl	Gl 176.2	GJ 9166	GJ 9166	overlay-wins
1562668432688194688	HIP 66781 / HD 119332	gl		GJ 11967	GJ 11967	added
1565867461768654208	HIP 65515 / HD 116956	gl		GJ 11930	GJ 11930	added
1569335115284976000	HIP 61053 / HD 108954	gl		GJ 11799	GJ 11799	added
1603267143629157120	HIP 76315 / HD 139477	gl		GJ 12249A	GJ 12249A	added
1661568850770761600	HIP 68184 / HD 122064	gl		GJ 12002	GJ 12002	added
170639948323693952	HIP 19337 / HD 281621	gl		GJ 162	GJ 162	added
1720995598827435648	HIP 75809 / HD 139777	gl		GJ 12230A	GJ 12230A	added
1720995598827436928	HIP 75829 / HD 139813	gl		GJ 12231B	GJ 12231B	added
1745568309317609088	HIP 105533	gl		GJ 13082	GJ 13082	added
177391907491420032	HIP 20222	gl		GJ 10596	GJ 10596	added
177425034575534464	HIP 19930 / HD 26900	gl		GJ 10588	GJ 10588	added
1781003885454165888	HIP 108028 / HD 208038	gl		GJ 13160	GJ 13160	added
1807953155988203264	HIP 98677 / HD 190067	gl	Gl 775.1	GJ 9681A	GJ 9681A	overlay-wins
1809456806859123584	HIP 99316 / HD 191499	gl		GJ 12927A	GJ 12927A	added
1817769836303393280	HIP 102226 / HD 197396	gl		GJ 12994	GJ 12994	added
1831553382794173824	HIP 101516 / HD 340611	gl		GJ 794	GJ 794	added
1847354223872439040	HIP 105791 / HD 204079	gl		GJ 13089	GJ 13089	added
1859954627138933888	HIP 102766 / HD 198425	gl		GJ 13013A	GJ 13013A	added
1889703529122914560	HIP 112909	gl	Gl 875.1	GJ 9799	GJ 9799	overlay-wins
1935133906477014016	HIP 114456 / HD 218868	gl		GJ 13330A	GJ 13330A	added
1937003729077791616	HIP 115331 / HD 220182	gl	Gl 894.4	GJ 9823	GJ 9823	overlay-wins
1937923436193950080	HIP 115341 / HD 220221	gl		GJ 13354	GJ 13354	added
1958031442283263616	HIP 109537	gl		GJ 13207	GJ 13207	added
1973094614149871872	HIP 107376	gl		GJ 13134	GJ 13134	added
2018474482692959232	HIP 96183 / HD 184385	gl		GJ 762.2A	GJ 762.2A	added
2032017717217569152	HIP 97223 / HD 332518	gl		GJ 12878	GJ 12878	added
2059103120983068160	HIP 99031 / HD 191026	gl		GJ 12918	GJ 12918	added
2061876742143320064	HIP 98921 / HD 190771	gl	GJ 1249	GJ 9685	GJ 9685	overlay-wins
2090051761936884864	HIP 91605	gl		GJ 12704	GJ 12704	added
2142179058450057856	HIP 96395 / HD 185414	gl		GJ 12850A	GJ 12850A	added
2216158427021654528	HIP 106400 / HD 205434	gl		GJ 13108	GJ 13108	added
2220169200616370432	HIP 109980	gl		GJ 854		suppressed-collision
2245095683274908672	HIP 102300	gl		GJ 12998	GJ 12998	added
225709641034907264	HIP 19255 / HD 25893	gl		GJ 160.1AB	GJ 160.1AB	added
2281114756485256704	HD 217142	gl		GJ 13301A	GJ 13301A	added
2282846074981010688	HIP 115147 / HD 220140	gl		GJ 13348A	GJ 13348A	added
2299942278201276288	HIP 112527 / HD 216520	gl		GJ 13281	GJ 13281	added
2324785228033780608	HIP 116763 / HD 222335	gl	Gl 902.1	GJ 9833	GJ 9833	overlay-wins
2334879397612667648	HIP 118261 / HD 224607	gl		GJ 13457	GJ 13457	added
2384877214983800448	HIP 114954	gl		GJ 13342	GJ 13342	added
2390021451933103616	HIP 117697	gl		GJ 13433	GJ 13433	added
2423493369021649920	HIP 1803 / HD 1835	gl	Gl 17.3	GJ 9012	GJ 9012	overlay-wins
2436812303124645504	HIP 115445 / HD 220339	gl	Gl 894.5	GJ 9824	GJ 9824	overlay-wins
244808226728958848	HIP 17491 / HD 23140	gl	Gl 150.2	GJ 9123	GJ 9123	overlay-wins
2456487788826106112	HIP 6008	gl		GJ 10187	GJ 10187	added
2477815222028038272	HIP 7576 / HD 10008	gl		GJ 10221A	GJ 10221A	added
2493069773336748928	HIP 10416 / HD 13789	gl		GJ 10318	GJ 10318	added
2498460442625153536	HIP 12530 / HD 16765	gl		GJ 10371A	GJ 10371A	added
2513664248895784192	HIP 10723 / HD 14214	gl		GJ 10327	GJ 10327	added
252151693092703872	HIP 18465	gl	Gl 156.1A	GJ 9138	GJ 9138	overlay-wins
2525514785221197696	HIP 3979 / HD 4915	gl		GJ 10137	GJ 10137	added
2525688198820543360	HIP 3757	gl		GJ 10127	GJ 10127	added
25488745411919360	HIP 12929 / HD 17230	gl	Gl 112.1	GJ 9100	GJ 9100	overlay-wins
2549518150551364864	HIP 3535 / HD 4256	gl	Gl 31.4	GJ 9027	GJ 9027	overlay-wins
2589107273595379584	HIP 7765 / HD 10182	gl		GJ 10234	GJ 10234	added
2619706544757416192	HIP 109378 / HD 210277	gl	Gl 848.4	GJ 9769	GJ 9769	overlay-wins
2648914040357320576	HIP 113421 / HD 217107	gl		GJ 13307	GJ 13307	added
2689454850844597504	HIP 105152 / HD 202751	gl	Gl 825.3	GJ 9731	GJ 9731	overlay-wins
2702655587447223168	HIP 110980	gl		GJ 13243	GJ 13243	added
2704912403783213696	HIP 111888 / HD 214683	gl		GJ 13263	GJ 13263	added
2742801956727994880	HIP 117463 / HD 223374	gl		GJ 13425	GJ 13425	added
2745473254589480960	HIP 118310 / HD 224660	gl		GJ 13461	GJ 13461	added
2781872793183604096	HIP 3810 / HD 4676	gl	Gl 34.1	GJ 9031	GJ 9031	overlay-wins
2832641058969396864	HIP 113829 / HD 217813	gl		GJ 2153	GJ 2153	added
2910909931633597312	HIP 28035	gl		GJ 10840	GJ 10840	added
2911981886751531648	HIP 29052	gl		GJ 10871	GJ 10871	added
2929062902976882304	HIP 34361	gl		GJ 2055	GJ 2055	added
2966316109264052096	HIP 27922 / HD 39855	gl		GJ 10835A	GJ 10835A	added
2996171698248699904	HIP 27288 / HD 38678	gl	Gl 217.1	GJ 9190	GJ 9190	overlay-wins
3007559370624135424	Gaia 3007559370624135424	gl	Gl 231.3	GJ 9211	GJ 9211	overlay-wins
3022956969731332096	Gaia 3022956969731332096	gl	Gl 223.2	GJ 9193	GJ 9193	overlay-wins
3027559353615045760	HIP 35943	gl		GJ 2058	GJ 2058	added
3054448838181163520	HIP 36827 / HD 60491	gl		GJ 11100	GJ 11100	added
3060788519149063680	HIP 36985	gl		GJ 282C		suppressed-collision
3082317193037072256	HIP 38625 / HD 64606	gl	Gl 292.2	GJ 9245	GJ 9245	overlay-wins
3089675232224086784	HIP 40774	gl		GJ 11209	GJ 11209	added
3177407910705445888	HIP 21086	gl		GJ 10624	GJ 10624	added
3223516063958808064	HIP 26081	gl	Gl 207.1	GJ 9183	GJ 9183	overlay-wins
3234412606443085824	HIP 25119 / HD 35112	gl		GJ 10761	GJ 10761	added
3250328209054347264	HIP 17695	gl		GJ 10525	GJ 10525	added
3270590765246119168	HIP 17743	gl	Gl 155.1	GJ 9133	GJ 9133	overlay-wins
3285218186904332288	HIP 19859 / HD 26923	gl		GJ 10584A	GJ 10584A	added
3285218255623808640	HIP 19855 / HD 26913	gl		GJ 10583B	GJ 10583B	added
335144892337326336	HIP 12623 / HD 16739	gl	Gl 105.6	GJ 9095	GJ 9095	overlay-wins
3379989457790428416	HIP 33537 / HD 51419	gl		GJ 11014	GJ 11014	added
3409167094776800384	HD 285190	gl		GJ 10722	GJ 10722	added
3429699684156117760	Gaia 3429699684156117760	gl	Gl 226.1	GJ 9197	GJ 9197	overlay-wins
3460347849221303296	HIP 58170	gl		GJ 2086	GJ 2086	added
3482765551281619456	HIP 55052	gl		GJ 11605	GJ 11605	added
3488261563231724032	HIP 59616	gl		GJ 11755	GJ 11755	added
350664155368182656	HIP 7734 / HD 10086	gl		GJ 65.1	GJ 65.1	added
3526420114274019456	HIP 61174 / HD 109085	gl	Gl 471.2	GJ 9411	GJ 9411	overlay-wins
3542490095189596544	HIP 57361	gl		GJ 11670A	GJ 11670A	added
3547944531854903168	HIP 56284	gl		GJ 11643	GJ 11643	added
3552000252294347392	HIP 54373	gl		GJ 11585	GJ 11585	added
3592769731134725248	HIP 56157	gl		GJ 11640	GJ 11640	added
3632451071421231360	HIP 66587	gl		GJ 11963	GJ 11963	added
3635080656558301184	HIP 65420 / HD 116568	gl		GJ 11927	GJ 11927	added
365548347350541952	HIP 3362	gl	Gl 29.1	GJ 9022	GJ 9022	overlay-wins
36590651757883392	HIP 17496	gl	GJ 1063	GJ 9128	GJ 9128	overlay-wins
3686261307923490688	HIP 65083	gl		GJ 11920A	GJ 11920A	added
3725115471868587904	HIP 67105 / HD 119802	gl		GJ 11980	GJ 11980	added
373349657227961472	HIP 5944 / HD 7590	gl		GJ 10186	GJ 10186	added
3750995604764854400	HIP 52369 / HD 92719	gl		GJ 11529	GJ 11529	added
3766401961693098368	HIP 49366 / HD 87424	gl		GJ 11440A	GJ 11440A	added
3788517916531415552	HIP 54513	gl		GJ 11589	GJ 11589	added
379582273249916416	HIP 1598 / HD 1562	gl		GJ 10049	GJ 10049	added
3980560507224374400	HIP 56238	gl	Gl 430.1	GJ 9365	GJ 9365	overlay-wins
4010201828880793984	HIP 60093	gl	Gl 459.3	GJ 9404	GJ 9404	overlay-wins
4055584308787727488	HIP 86963	gl		GJ 2130B		suppressed-collision
4055585060376248832	HIP 86961	gl		GJ 2130A		suppressed-collision
4072260704719970944	HIP 92444	gl		GJ 12743	GJ 12743	added
413391568618906880	HIP 6290	gl		GJ 10191	GJ 10191	added
4224259562941398400	HIP 99711 / HD 192263	gl		GJ 12940	GJ 12940	added
4307162018124573312	HIP 93871 / HD 178126	gl		GJ 12785	GJ 12785	added
4344429586787123072	HIP 80612	gl		GJ 2120	GJ 2120	added
4367026303085396352	HIP 85042 / HD 157347	gl		GJ 12486A	GJ 12486A	added
4381502851133968128	HIP 83601 / HD 154417	gl	Gl 654.1	GJ 9583	GJ 9583	overlay-wins
4383374219923745024	HIP 81375 / HD 149806	gl		GJ 12385	GJ 12385	added
4389844948935164544	HIP 85665	gl	Gl 678.1A	GJ 9592	GJ 9592	overlay-wins
4419140645978987904	HIP 74702 / HD 135599	gl		GJ 12196	GJ 12196	added
4421455530273900032	HIP 74975 / HD 136202	gl		GJ 12205	GJ 12205	added
4473334474604992384	Cebalrai / HIP 86742 / HD 161096	gl		GJ 12557	GJ 12557	added
4526778333217510656	HIP 89490 / HD 348274	gl		GJ 4046	GJ 4046	added
4530744134231683840	HIP 92043 / HD 173667	gl	Gl 725.2	GJ 9635	GJ 9635	overlay-wins
4536614495522394112	HIP 90265 / HD 336196	gl		GJ 4057	GJ 4057	added
4548462729742343296	HIP 84195 / HD 155712	gl		GJ 12462	GJ 12462	added
4575374857376398976	HIP 84607 / HD 156668	gl		GJ 12476	GJ 12476	added
4590489981163831296	HIP 88945 / HD 166435	gl		GJ 12627A	GJ 12627A	added
4591351448523805312	HIP 88976	gl		GJ 12628	GJ 12628	added
4654969496256092032	HD 270712	gl		GJ 10665A	GJ 10665A	added
4660766641264343680	HIP 25647 / HD 36705	gl		GJ 10774A	GJ 10774A	added
4674061076849768832	HIP 16245 / HD 22001	gl	Gl 143.2A	GJ 9118A	GJ 9118A	overlay-wins
4714571105305843456	HIP 9044 / HD 12058	gl	Gl 81.2	GJ 9064	GJ 9064	overlay-wins
4726357491998516480	HIP 12261	gl		GJ 10368	GJ 10368	added
4741883764414703232	HIP 13218	gl		GJ 114.1		suppressed-collision
4758877919212831104	HIP 27887 / HD 40307	gl		GJ 2046	GJ 2046	added
4761524752938019200	Gaia 4761524752938019200	gl	Gl 181.1	GJ 9171	GJ 9171	overlay-wins
4795596831576255488	HIP 26369	gl		GJ 10792B	GJ 10792B	added
4795598309045006208	HIP 26373 / HD 37572	gl		GJ 10794A	GJ 10794A	added
4805806449875760384	HIP 25775 / HD 274255	gl		GJ 10776	GJ 10776	added
4815660547961306112	HIP 21770 / HD 29875	gl	Gl 174.1A	GJ 9164	GJ 9164	overlay-wins
4819591920506512768	HIP 25283 / HD 35650	gl		GJ 10763	GJ 10763	added
4847829165813317504	HIP 15973	gl		GJ 10476	GJ 10476	added
4918476567469050624	HIP 1031 / HD 870	gl		GJ 2001	GJ 2001	added
4962094636124753792	HIP 8514 / HD 11262	gl		GJ 10259	GJ 10259	added
4968258983641774208	HIP 10191 / HD 13513	gl		GJ 10302A	GJ 10302A	added
4973763482448692096	HIP 1322	gl		GJ 10041	GJ 10041	added
4978671015158662528	HIP 1696	gl	Gl 17.1	GJ 9010	GJ 9010	overlay-wins
4980466929965023104	HIP 3143	gl	Gl 27.1	GJ 9018	GJ 9018	overlay-wins
5040737312674978816	HIP 5663 / HD 7279	gl		GJ 10182	GJ 10182	added
5058175086056319616	HIP 15360	gl		GJ 10452	GJ 10452	added
5067008970494311936	HIP 11439	gl		GJ 10347	GJ 10347	added
5077642283022422656	Koeia / HIP 12961	gl		GJ 10381	GJ 10381	added
5107106033552702208	HIP 17420 / HD 23356	gl		GJ 10521	GJ 10521	added
5145955421492456960	HIP 11783 / HD 15798	gl		GJ 10359	GJ 10359	added
5152365363828101632	HIP 14165	gl	Gl 121.1	GJ 9108	GJ 9108	overlay-wins
5153091836072107136	HIP 14101	gl		GJ 3193ABC	GJ 3193ABC	added
5260759175761501696	HIP 31293	gl		GJ 10949A	GJ 10949A	added
5260759175761502976	HIP 31292	gl		GJ 10950B	GJ 10950B	added
5307769620053841280	HIP 48190	gl		GJ 2075B	GJ 2075B	added
5339892367684811520	HIP 55042 / HD 304043	gl		GJ 422	GJ 422	added
5357075947709011456	HIP 51523 / HD 91324	gl	Gl 397.2	GJ 9332A	GJ 9332A	overlay-wins
5357886734438478848	HIP 51271 / HD 90884	gl		GJ 11493	GJ 11493	added
536088338900732544	HIP 3876 / HD 4635	gl		GJ 10132	GJ 10132	added
5454500168322239872	HIP 52596	gl		GJ 11539	GJ 11539	added
5459060117921483008	HIP 50075 / HD 88742	gl	Gl 385.1	GJ 9320	GJ 9320	overlay-wins
5479778765278589568	HIP 31711 / HD 48189	gl	GJ 3400A	GJ 10960	GJ 10960	overlay-wins
5479782647926975360	HIP 31878	gl		GJ 10965	GJ 10965	added
5481848424118748672	HIP 30314 / HD 45270	gl		GJ 10914	GJ 10914	added
551050046451136256	HIP 18774 / HD 24451	gl	Gl 156.2	GJ 9139	GJ 9139	overlay-wins
5570642264461522048	HIP 31555	gl		GJ 10958	GJ 10958	added
5602386058511578368	HIP 38594	gl		GJ 11137A	GJ 11137A	added
5605469402661155968	HIP 36349	gl		GJ 2060AB	GJ 2060AB	added
5624529024402652288	HIP 44899	gl		GJ 11331	GJ 11331	added
5641572760305884800	HIP 43947 / HD 76740	gl		GJ 11293	GJ 11293	added
565471721996476160	HIP 6344	gl	Gl 56.4	GJ 9053	GJ 9053	overlay-wins
5657274198660921472	HIP 48659	gl		GJ 11423	GJ 11423	added
5690980582306104448	HIP 48336	gl		GJ 369		suppressed-collision
5698015743046182272	Tureis / HIP 39757 / HD 67523	gl		GJ 11177	GJ 11177	added
5746426720312132608	HIP 45839 / HD 80632	gl	Gl 340.3	GJ 9296	GJ 9296	overlay-wins
5765846127180770432	HIP 64690 / HD 113283	gl		GJ 11909	GJ 11909	added
5846770973285176960	HIP 70308	gl		GJ 2107	GJ 2107	added
5848544412499643264	HIP 72493 / HD 130042	gl		GJ 12134A	GJ 12134A	added
5876112300125320448	HIP 74273 / HD 134060	gl		GJ 12180	GJ 12180	added
5895265380327966464	HIP 69454	gl		GJ 2106	GJ 2106	added
5924187617032756736	HIP 84051	gl		GJ 12454	GJ 12454	added
5927236979422123264	HIP 81520 / HD 149612	gl		GJ 12388	GJ 12388	added
5930568598406530048	HIP 81262 / HD 149192	gl		GJ 12380A	GJ 12380A	added
5941374534288441728	HIP 80559 / HD 330856	gl		GJ 12352	GJ 12352	added
596878550087942528	HIP 43557 / HD 75767	gl		GJ 11280A	GJ 11280A	added
5970189332424492160	HD 152705	gl		GJ 12420A	GJ 12420A	added
5970189504223192960	HIP 82926	gl		GJ 2123B	GJ 2123B	added
5970956070030449792	HIP 81935 / HD 150689	gl		GJ 12397	GJ 12397	added
6004735609803506048	HIP 73633 / HD 132899	gl		GJ 12160A	GJ 12160A	added
6026895540811552512	HIP 82834 / HD 152606	gl		GJ 12417	GJ 12417	added
6035927380304634240	HIP 79578 / HD 145825	gl		GJ 12327	GJ 12327	added
6053245135154609280	HIP 59072 / HD 105211	gl	Gl 455.2	GJ 9388	GJ 9388	overlay-wins
6060965699625586176	HIP 62229 / HD 110810	gl		GJ 11842A	GJ 11842A	added
6088054505011960832	HIP 64550 / HD 114853	gl		GJ 11903A	GJ 11903A	added
6099000589942631424	HIP 70849	gl	Gl 550.3	GJ 9482A	GJ 9482A	overlay-wins
6124711741640147712	HIP 69285	gl		GJ 12037	GJ 12037	added
6149747002930436352	HIP 60310 / HD 107576	gl		GJ 11779	GJ 11779	added
6155259541913716608	HIP 63480	gl		GJ 11882	GJ 11882	added
6171375049483037696	HIP 67153 / HD 119756	gl	Gl 525.1	GJ 9459	GJ 9459	overlay-wins
6187271616797377152	HIP 63618 / HD 113194	gl		GJ 11887	GJ 11887	added
6189329043571426944	HIP 65669	gl		GJ 11936	GJ 11936	added
6245870673116518784	Sharjah / HIP 79431	gl		GJ 12326	GJ 12326	added
6258382634409906560	HIP 75798	gl		GJ 12229	GJ 12229	added
6260386975385254656	HIP 76779 / HD 139763	gl		GJ 12257	GJ 12257	added
6270906415441316224	HIP 69965 / HD 125276	gl	Gl 542.1A	GJ 9476A	GJ 9476A	overlay-wins
6286606170175267840	HIP 71743 / HD 128987	gl		GJ 12113	GJ 12113	added
6293916376311538944	HIP 67761	gl		GJ 11993	GJ 11993	added
6309706875115188224	HIP 72603 / HD 130819	gl	Gl 563.4	GJ 9498B	GJ 9498B	overlay-wins
6348288635054855680	HIP 104436 / HD 199509	gl		GJ 13059	GJ 13059	added
6357835488360338560	HIP 110719 / HD 212168	gl		GJ 13235B	GJ 13235B	added
6357835694518769408	HIP 110712 / HD 212168	gl		GJ 13234A	GJ 13234A	added
6370513647703084544	HIP 107022 / HD 205536	gl		GJ 13125	GJ 13125	added
6377828354964753792	HIP 117828 / HD 223889	gl		GJ 13437	GJ 13437	added
641154096631794432	HIP 47201	gl	GJ 1127	GJ 9304	GJ 9304	overlay-wins
6454967273273436416	HIP 101983 / HD 196378	gl	Gl 794.2	GJ 9701	GJ 9701	overlay-wins
6456884409233519360	HIP 103910	gl	GJ 9716	GJ 2151	GJ 2151	overlay-wins
6472858766996632704	HIP 99137 / HD 190422	gl		GJ 12920	GJ 12920	added
6519227714961476352	HIP 111983 / HD 214731	gl		GJ 13266	GJ 13266	added
6569895822110445440	HIP 109821 / HD 210918	gl	Gl 851.2	GJ 9774	GJ 9774	overlay-wins
6572326052043362304	HIP 107772	gl		GJ 13148	GJ 13148	added
6603693881832177792	HIP 112312	gl		GJ 871.1A	GJ 871.1A	added
6609167869190786688	HIP 112978	gl		GJ 13294	GJ 13294	added
6623761137270596992	HIP 111391	gl		GJ 13250	GJ 13250	added
6629790584164277376	HIP 89805 / HD 167425	gl		GJ 12652A	GJ 12652A	added
6634032740544236032	HIP 89042 / HD 165499	gl	Gl 705.1	GJ 9616	GJ 9616	overlay-wins
6651058467639413248	HIP 90945 / HD 170573	gl		GJ 12684A	GJ 12684A	added
6667318634003429504	HIP 98679 / HD 189484	gl	Gl 773.6	GJ 9680	GJ 9680	overlay-wins
67198925172337536	Gaia 67198925172337536	gl	Gl 157.1	GJ 9140	GJ 9140	overlay-wins
6766734242006157568	HIP 96710	gl		GJ 12861	GJ 12861	added
676768820148924416	HIP 39780 / HD 67228	gl		GJ 11178	GJ 11178	added
684865658135318144	HIP 44072	gl	Gl 330.1	GJ 9280	GJ 9280	overlay-wins
6881661519529805952	HD 358785	gl		GJ 13047	GJ 13047	added
6882963066420161664	HIP 103039	gl		GJ 13024	GJ 13024	added
6904703228801028864	HIP 101345 / HD 195564	gl		GJ 792.1AB	GJ 792.1AB	added
747266452000257280	HIP 49699 / HD 87883	gl		GJ 11454	GJ 11454	added
764805169996366720	HIP 54426 / HD 96612	gl		GJ 11586	GJ 11586	added
791297254127958784	HIP 57493	gl		GJ 1150		suppressed-collision
793785826901083520	HIP 47395	gl		GJ 11392A	GJ 11392A	added
8479094371605632	HIP 13976 / HD 18632	gl		GJ 10412	GJ 10412	added
875071278432954240	HIP 38228 / HD 63433	gl		GJ 11127	GJ 11127	added
892215482207937152	HIP 36357	gl		GJ 273.1C		suppressed-collision
898639447612575104	HIP 36704 / HD 59747	gl		GJ 11096	GJ 11096	added
918107434852949888	HIP 41484 / HD 71148	gl	Gl 307.1	GJ 9264	GJ 9264	overlay-wins
939072613334579328	HIP 33226 / HD 265866	gl		GJ 251	GJ 251	added
942860190374658688	HIP 30862 / HD 45391	gl		GJ 10938	GJ 10938	added
1019361632454363904	HIP 45836 / HD 80290	flam		37	37	added
1025309131366815232	HIP 47965 / HD 84335	flam		44	44	added
1081565094046074624	HIP 39348 / HD 65626	flam		54	54	added
1083911932896193280	HIP 40474 / HD 68457	flam		56	56	added
1097089442316408576	HIP 40215 / HD 67447	flam		55	55	added
1231881287184934272	HIP 69829 / HD 125180	flam		101	101	added
1325288029779869696	HIP 80247 / HD 147835	flam		23	23	added
1572176115892598528	HIP 59708 / HD 106478	flam		1	1	added
1704421629268883456	HIP 78661 / HD 145622	flam		18	18	added
1792369296632990848	HIP 105411 / HD 203344	flam		34	34	added
1808075236135604736	HIP 98754 / HD 190229	flam		14	14	added
1829590410954063744	HD 191571	flam		17	17	added
1908368597999299840	HIP 111546 / HD 214167	flam		8	8	added
198558953732674816	HIP 22453 / HD 30504	flam		1	1	added
2135550755683407232	HIP 96901 / HD 186427	flam		16	16	added
2143847082010882176	HIP 92204 / HD 174343	flam		205	205	added
2272956105327778816	HIP 107230 / HD 207130	flam		78	78	added
2284809424791725952	HIP 104105 / HD 201908	flam		77	77	added
2394298380366383744	HIP 116904 / HD 222561	flam		104	104	added
24262652508347520	HIP 11427 / HD 15228	flam		25	25	added
2448436443133372544	HIP 635 / HD 315	flam		4	4	added
2448444655110889088	HIP 664 / HD 352	flam		5	5	added
2505006999281376256	HIP 9155 / HD 12021	flam		58	58	added
2574158313504213504	HIP 8588 / HD 11257	flam		54	54	added
2890122152481960576	HIP 28756 / HD 41534	flam		72	72	added
3029166186781118336	HIP 37379 / HD 61772	flam		140		suppressed-collision
3119997254659748224	HIP 30720 / HD 45433	flam		78	78	added
3120313707851927296	HIP 30717 / HD 45416	flam		77	77	added
3131481481815806976	HIP 30422 / HD 44770	flam		8	8	added
3236198866162114048	HIP 25145 / HD 35148	flam		23	23	added
3278970486957732224	HIP 20884 / HD 28375	flam		44	44	added
3375636800495628160	HIP 30756 / HD 257498	flam		15	15	added
3482326708703712896	HIP 56280 / HD 100286	flam		17	17	added
3518794554458428160	HIP 58587 / HD 104337	flam		31	31	added
3650900223700313088	HIP 73193 / HD 132132	flam		1	1	added
3849706941207472512	HIP 48552 / HD 85762	flam	8	9	9	overlay-wins
3851460524814895744	HIP 47310 / HD 83425	flam		2	2	added
3865240291729568512	HIP 52660 / HD 93244	flam		37	37	added
390441943442220800	HIP 3478 / HD 4142	flam		68	68	added
3960724286666918016	HIP 60891 / HD 108651	flam		17	17	added
3996532769043341824	HIP 54347 / HD 96418	flam		52	52	added
4066303447672595200	HIP 89153 / HD 166464	flam	1	11	11	overlay-wins
4067435566661212672	HIP 87706 / HD 162978	flam		63	63	added
4131941783535773568	HIP 81724 / HD 150416	flam		24	24	added
4362277714227206016	HIP 85365 / HD 157950	flam		47	47	added
4402445936305708416	HIP 77464 / HD 141378	flam		30	30	added
4419512109110088448	HIP 73536 / HD 132933	flam		2	2	added
4464207428579939840	HIP 79492 / HD 145958	flam		49	49	added
4544678210716072320	HIP 83430 / HD 154143	flam		32	32	added
4614607631277672448	HIP 25776 / HD 39780	flam		31	31	added
4916676976173287936	HIP 8240 / HD 10934	flam		120		suppressed-collision
5209024611054646272	HIP 42794 / HD 75747	flam		9	9	added
5495414576539584768	HIP 30932 / HD 46355	flam		61	61	added
5504850447891220992	HIP 33779 / HD 53047	flam		23	23	added
5513506731136287744	HIP 40282 / HD 69194	flam		16	16	added
5593584059914156800	HIP 38423 / HD 64379	flam		212	212	added
5618016960638976896	HIP 35210 / HD 56577	flam		145	145	added
574112955678493824	HIP 5372 / HD 5848	flam		2	2	added
5932963991897373184	HIP 79490 / HD 145384	flam		39	39	added
6046821272776093184	HD 151659	flam		18	18	added
6053807844583576064	HD 108250	flam		256	256	added
6058439910929477120	HIP 61136 / HD 108968	flam		35	35	added
6059642884074103936	HIP 61966 / HD 110335	flam		39	39	added
607114384867121024	HIP 44838 / HD 78347	flam		74	74	added
6245698187231874816	HD 145501	flam		14	14	added
6781170726597994240	HIP 104174 / HD 200763	flam		2	2	added
738199432440796288	HIP 53377 / HD 94497	flam		47	47	added
745324027270565760	HIP 48742 / HD 86012	flam		18	18	added
818464227945910016	Intercrus / HIP 46471 / HD 81688	flam		41	41	added
820984274238224128	HIP 47973 / HD 84453	flam		14	14	added
821455861647126656	HIP 48113 / HD 84737	flam		15	15	added
91651720174254976	HIP 8271 / HD 10845	flam		3	3	added
977131899092457344	HIP 35726 / HD 57067	flam		20	20	added
