tyc	hip	hd	hr	gl	verdict	derived_source_id	derived_via	candidates	rejected	v_mag	v_via	derived_g	derived_simbad
				GJ 1001	disposed					12.840	gliese		
				GJ 3261	disposed					12.890	gliese		
				GJ 3527	disposed					11.820	gliese		
				GJ 3536	disposed					11.920	gliese		
				GJ 3673	disposed					13.110	gliese		
				GJ 3775	disposed					12.970	gliese		
				GJ 3981	disposed					13.130	gliese		
				GJ 4032	disposed					12.690	gliese		
				Gl 167.2	disposed					11.800	gliese		
				Gl 168.1	disposed					15.040	gliese		
				Gl 168.2	disposed					15.770	gliese		
				Gl 200.1	disposed					13.190	gliese		
				Gl 268.5	disposed					12.110	gliese		
				Gl 318.1	disposed					14.110	gliese		
				Gl 514.1	disposed					14.250	gliese		
				Gl 575.1	disposed					12.750	gliese		
				Gl 629.3	disposed					12.380	gliese		
				Gl 705.2	disposed					12.510	gliese		
				Gl 776.1	disposed					12.150	gliese		
				Gl 828.5	disposed					12.800	gliese		
				Gl 836.4	disposed					12.800	gliese		
				Gl 85.1	disposed					13.740	gliese		
				Gl 852.1	disposed					13.550	gliese		
				Gl 893.1	disposed					15.420	gliese		
1326-1023-1		252707			disposed			tyc:3423484346781287808|simbad:3423484346781287808	3423484346781287808:mag	11.691	tycho2		
1336-496-1		258774			disposed			tyc:3372239996760122624|simbad:3372239996760122624	3372239996760122624:mag	11.223	tycho2		
155-1804-1		261336			disposed			tyc:3130992611458940288|simbad:3130992611458940288	3130992611458940288:mag	11.581	tycho2		
2394-1580-1		242382			disposed			tyc:181055690691149952|simbad:181055690691149952	181055690691149952:mag	11.785	tycho2		
3053-2051-1	76202			Gl 588.1	disposed					11.370	hip		
3225-2746-1		219334			disposed					8.524	tycho2		
4008-1653-1		240345			disposed					9.055	tycho2		
424-55-1		161698			disposed					8.272	tycho2		
4818-1844-1		296039			disposed			tyc:3108729352122339968|simbad:3108729352122339968	3108729352122339968:mag	11.544	tycho2		
4949-1115-1		110298			disposed					9.478	tycho2		
5170-2166-1		192792			disposed					9.780	tycho2		
5522-1688-1	59273				disposed			tyc:3574377684740966016|simbad:3574377684740966016	3574377684740966016:mag	6.650	hip		
6685-358-1		107282			disposed					8.857	tycho2		
7977-931-1		199814			disposed					9.814	tycho2		
8327-553-1		329243			disposed			tyc:5963317693976270720	5963317693976270720:mag	10.688	tycho2		
8412-14-1		199461			disposed			tyc:6478417485468750720	6478417485468750720:mag	10.401	tycho2		
8628-1221-1		98279			disposed					9.578	tycho2		
8725-299-1		151054			disposed					9.580	tycho2		
955-793-1		142127			disposed					8.716	tycho2		
54-12-2	13408	17907			contested	7957925860005248	tyc+simbad	tyc:7957925860005248|simbad:7957925860005248|hip:7957921564970752		7.110	hip	7.886	tyc:54-12-2
635-405-1	11217	14888			contested	24724408736156800	tyc+simbad	tyc:24724408736156800|simbad:24724408736156800|hip:24724413031769600		8.650	hip	9.332	tyc:635-405-1
1814-464-1	19363	26128			contested	53693074091630848	tyc+simbad	tyc:53693074091630848|simbad:53693074091630848|hip:53693108451368832		6.870	hip	7.621	tyc:1814-464-1
1223-1361-1	12742	16983			contested	81644785676328192	tyc	tyc:81644785676328192|hip:81644789971500800		8.560	hip	8.498	
1765-432-1	10667	14066			contested	101234891723479808	tyc+simbad	tyc:101234891723479808|simbad:101234891723479808|hip:101234891722845568		7.680	hip	8.518	tyc:1765-432-1
2894-400-1	22979	31342			contested	199220619215341184	tyc	tyc:199220619215341184|hip:199220619211797760		9.090	hip	9.832	tyc:2894-400-2
2873-3636-1	15617	20652			contested	241278691323273088	tyc+simbad	tyc:241278691323273088|simbad:241278691323273088|hip:241278691324188672		9.170	hip	10.130	tyc:2873-3636-1
2827-1876-1	8169	10673			contested	350164427333524224	tyc+simbad	tyc:350164427333524224|simbad:350164427333524224|hip:350164427333524096		7.870	hip	8.599	tyc:2827-1876-1
2274-1419-1	2252	2471			contested	366858445520163584	tyc	tyc:366858445520163584|hip:366858449814711680		8.120	hip	8.894	
2783-2031-1	1901	1967	90		contested	379224622734044800	tyc+simbad	tyc:379224622734044800|simbad:379224622734044800|hip:379224588373707904		10.710	hip	5.565	hip:1901|tyc:2783-2031-1
3268-1182-1	5604	7072			contested	401504026845406848	tyc+simbad	tyc:401504026845406848|simbad:401504026845406848|hip:401504022551790208		8.550	hip	9.342	tyc:3268-1182-1
3678-338-1		236699			disposed	413774782786117120	simbad	simbad:413774782786117120		9.689	tycho2	9.775	tyc:3678-338-1
3714-168-1	14658	19341			contested	462759949937775360	tyc+simbad	tyc:462759949937775360|simbad:462759949937775360|hip:462759949934290560		8.100	hip	8.068	hip:14658|tyc:3714-168-1
3693-128-1	10332				contested	506700626477564288	tyc	tyc:506700626477564288|hip:506699870563323264		11.420	hip	10.925	
1422-474-1	49869				contested	623447591447026176	tyc+simbad	tyc:623447591447026176|simbad:623447591447026176|hip:623447595737759104		9.730	hip	10.301	tyc:1422-474-1
1422-1184-1	50223	88829			contested	625034805196938752	tyc+simbad	tyc:625034805196938752|simbad:625034805196938752|hip:625034809491967616		8.470	hip	9.145	tyc:1422-1184-1
1413-111-1	47148	83083			contested	633601516900879232	tyc+simbad	tyc:633601516900879232|simbad:633601516900879232|hip:633601516900588928		8.740	hip	8.647	hip:47148
1951-1714-1	45574	79872			contested	687376019276147584	tyc+simbad	tyc:687376019276147584|simbad:687376019276147584|hip:687376019276147968		7.320	hip	8.140	tyc:1951-1714-1
2499-82-1	45258	79144			contested	714295225020973568	tyc+simbad	tyc:714295225020973568|simbad:714295225020973568|hip:714295431179141888		8.530	hip	8.533	hip:45258|tyc:2499-82-1
2498-1009-1	44640				contested	715395664360039936	tyc	tyc:715395664360039936|hip:715395660064787072		9.940	hip	10.762	
3454-2098-1	57450			GJ 1150	contested	791249665893533568	tyc+hip+simbad	tyc:791249665893533568|hip:791249665893533568|simbad:791249665893533568|cns5:791297254127958784		9.910	hip	9.732	hip:57450|tyc:3454-2098-1
3442-301-1	52142				contested	829637808703440768	tyc	tyc:829637808703440768|hip:829637808708389504		9.950	hip	10.517	tyc:3442-301-2
3443-190-1	53336	94399			contested	831444237591553152	tyc+simbad	tyc:831444237591553152|simbad:831444237591553152|hip:831444237591553024		8.790	hip	9.324	tyc:3443-190-1
4146-1275-1	54514	96676			contested	862289764997104128	tyc+simbad	tyc:862289764997104128|simbad:862289764997104128|hip:862289764996484096		8.560	hip	9.367	tyc:4146-1275-1
2464-1957-1	36313				contested	898539735652010496	tyc+simbad	tyc:898539735652010496|simbad:898539735652010496|hip:898539731356582912		10.040	hip	10.721	tyc:2464-1957-1
2470-118-1	40665			GJ 3491	contested	900894236723156224	tyc+hip+simbad	tyc:900894236723156224|hip:900894236723156224|simbad:900894236723156224|cns5:900887948891049856		10.100	hip	9.995	hip:40665|tyc:2470-118-1
2978-1289-1	41702				contested	914437608635997056	tyc+simbad	tyc:914437608635997056|simbad:914437608635997056|hip:914437608637124992		10.070	hip	10.637	tyc:2978-1289-1
3410-2046-2	39097				contested	933367522374867968	tyc+simbad	tyc:933367522374867968|simbad:933367522374867968|hip:933367522374867840		10.580	hip	11.204	tyc:3410-2046-2
3412-1230-1	36935	60077			contested	983581973601592320	tyc+simbad	tyc:983581973601592320|simbad:983581973601592320|hip:983581977897778048		8.330	hip	8.334	tyc:3412-1230-1
3817-596-1	48257				contested	1046314304583046400	tyc+simbad	tyc:1046314304583046400|simbad:1046314304583046400|hip:1046314304581984000		9.880	hip	10.641	tyc:3817-596-1
4149-662-1	55621				contested	1056127755098334976	tyc	tyc:1056127755098334976|hip:1056127750808107520		10.690	hip	11.567	
3792-2390-1	35525	56242			contested	1086586563650212480	tyc+simbad	tyc:1086586563650212480|simbad:1086586563650212480|hip:1086586563650977664		8.290	hip	7.152	hip:35525|tyc:3792-2390-1
4124-457-1	37498	61011			contested	1095634577978303744	tyc+simbad	tyc:1095634577978303744|simbad:1095634577978303744|hip:1095634582278147712		8.450	hip	8.452	hip:37498|tyc:4124-457-1
342-1084-1	73716	133408	5610		contested	1156820170976483200	tyc+simbad	tyc:1156820170976483200|simbad:1156820170976483200|hip:1156820170976482688		7.150	hip	7.300	tyc:342-1084-1
912-1575-1	70386	126246			contested	1177532908459199872	tyc+simbad	tyc:1177532908459199872|simbad:1177532908459199872|hip:1177532908459199488		6.760	hip	7.517	tyc:912-1575-1
1478-843-1	72846	131473	5550		contested	1186325496788069632	tyc+simbad	tyc:1186325496788069632|simbad:1186325496788069632|hip:1186325492493205376		6.410	hip	6.699	tyc:1478-843-1
1496-1863-1	77615	141850	5894		contested	1192855977386610688	tyc+simbad	tyc:1192855977386610688|simbad:1192855977386610688|hip:1192855977386601216		9.700	hip	7.151	hip:77615|tyc:1496-1863-1
1507-997-1	78957	144802			contested	1199270322059790464	tyc	tyc:1199270322059790464|hip:1199270322062312576		8.600	hip	9.538	tyc:1507-997-2
1498-1693-1	76769	139939			contested	1209819483295604864	tyc	tyc:1209819483295604864|hip:1209819483292655488		7.590	hip	8.320	tyc:1498-1693-2
1501-1085-1	76761	139952			contested	1217154050488751872	tyc	tyc:1217154050488751872|hip:1217154046188768640		8.390	hip		tyc:1501-1085-2
905-198-1	69820			GJ 3838	contested	1225144785598856576	tyc+simbad	tyc:1225144785598856576|simbad:1225144785598856576|cns5:1225145747671533056		10.180	hip	10.063	hip:69820|tyc:905-198-1
3094-249-1	85230	158046			contested	1348246622840776192	tyc	tyc:1348246622840776192|hip:1348246622842284928		9.810	hip	10.374	
3521-484-1	85545	158868			contested	1414845725763457664	tyc+simbad	tyc:1414845725763457664|simbad:1414845725763457664|hip:1414845725763000320		7.080	hip	7.938	tyc:3521-484-1
2000-515-1	66225	118114			contested	1448493530351691520	tyc+simbad	tyc:1448493530351691520|simbad:1448493530351691520|hip:1448493427272476288		8.080	hip	8.883	tyc:2000-515-1
2559-764-1	70869	127303			contested	1480411661415507200	tyc	tyc:1480411661415507200|hip:1480411665712446080		8.980	hip	9.393	
3043-725-1	72007				contested	1486780380657129856	tyc+simbad	tyc:1486780380657129856|simbad:1486780380657129856|hip:1486780380657129984		9.420	hip	10.095	tyc:3043-725-1
3463-1102-1	66829	119348			contested	1503944753599591936	tyc+simbad	tyc:1503944753599591936|simbad:1503944753599591936|hip:1503944753599591808		8.530	hip	9.217	tyc:3463-1102-1
3019-1041-1	58600	104334			contested	1537824348983059712	tyc	tyc:1537824348983059712|hip:1537824348981745152		9.490	hip	9.519	
3455-1904-1	60336				contested	1545553602192826240	tyc+simbad	tyc:1545553602192826240|simbad:1545553602192826240|hip:1545553228537856640		10.370	hip	10.067	hip:60336|tyc:3455-1904-1
3462-2316-1	64088			GJ 3765	contested	1554837642156709120	tyc+simbad	tyc:1554837642156709120|simbad:1554837642156709120|cns5:1554835340053676800		10.460	hip	10.770	hip:64088|tyc:3462-2316-1
3843-425-1	64517	115002			contested	1563128406504517376	tyc+simbad	tyc:1563128406504517376|simbad:1563128406504517376|hip:1563128406505888768		9.340	hip	9.890	tyc:3843-425-1
3849-748-1	64866	115720			contested	1566828297491531264	tyc	tyc:1566828297491531264|hip:1566828297492135168		8.040	hip		
3477-1327-1	72524	131041	5538		contested	1590752742798813568	tyc+simbad	tyc:1590752742798813568|simbad:1590752742798813568|hip:1590752742798813824		5.680	hip	6.517	tyc:3477-1327-1
4402-70-1	66195	118328			contested	1684525932004362368	tyc+simbad	tyc:1684525932004362368|simbad:1684525932004362368|hip:1684525932004361856		8.560	hip	9.292	tyc:4402-70-1
				GJ 4192	disposed	1740318210014704256	simbad	simbad:1740318210014704256		13.640	gliese	12.927	gj:4192
1108-452-1	104480	201548			contested	1745027521395935872	tyc+simbad	tyc:1745027521395935872|simbad:1745027521395935872|hip:1745027521396360704		8.560	hip	8.528	hip:104480|tyc:1108-452-1
1096-1542-1	101710	196423			contested	1755466490947446272	tyc+simbad	tyc:1755466490947446272|simbad:1755466490947446272|hip:1755466486654175872		7.620	hip	8.459	tyc:1096-1542-1
				GJ 4212	disposed	1800587802453920640	simbad	simbad:1800587802453920640		13.970	gliese	12.732	gj:4212
2160-1301-1		340158			contested	1832114580403713024	tyc	tyc:1832114580403713024|simbad:1832114580410318080		11.259	tycho2	10.781	tyc:2160-1301-2
2167-116-1	99736	333965			contested	1837456145328324480	tyc+simbad	tyc:1837456145328324480|simbad:1837456145328324480|hip:1837456145334721280		9.530	hip	9.495	hip:99736|tyc:2167-116-1
2183-2153-1	102851	198550		Gl 808.2	contested	1858219151103357952	tyc+hip	tyc:1858219151103357952|hip:1858219151103357952|cns5:1858219151114884352		8.320	hip		
2749-2516-1	112723	216109			contested	1889576157572447872	tyc+simbad	tyc:1889576157572447872|simbad:1889576157572447872|hip:1889576157572447616		8.210	hip	8.881	tyc:2749-2516-1
2744-89-1	112360				contested	1902948452349474304	tyc+simbad	tyc:1902948452349474304|simbad:1902948452349474304|hip:1902948448057393664		9.820	hip	10.700	tyc:2744-89-1
3196-1312-1	107141				contested	1973761948991306496	tyc+simbad	tyc:1973761948991306496|simbad:1973761948991306496|hip:1973761948980110208		9.260	hip	9.675	tyc:3196-1312-1
3635-701-1		236041			contested	1992077063926172800	tyc	tyc:1992077063926172800|simbad:1992077063926172672		10.481	tycho2	10.121	tyc:3635-701-2
4003-1453-1	115733	220869			contested	1995909304321869568	tyc+simbad	tyc:1995909304321869568|simbad:1995909304321869568|hip:1995909308618864768		8.850	hip	9.289	tyc:4003-1453-1
4289-758-1	118240	224598			contested	2017236741826492032	tyc+simbad	tyc:2017236741826492032|simbad:2017236741826492032|hip:2017236707466750464		11.410	hip	8.298	hip:118240|tyc:4289-758-1
2667-274-1		185149			contested	2048242763574912128	tyc	tyc:2048242763574912128|simbad:2048242763585076096		9.374	tycho2	9.471	tyc:2667-274-2
				GJ 1245A	disposed	2079073928612821760	cns5	cns5:2079073928612821760		13.410	gliese	11.908	gj:1245 B
3562-2368-1	98345	189636			contested	2085638116106991872	tyc+simbad	tyc:2085638116106991872|simbad:2085638116106991872|hip:2085638116106993408		7.630	hip	8.034	tyc:3562-2368-1
3534-302-1	90284	170109			contested	2123486226903432448	tyc+simbad	tyc:2123486226903432448|simbad:2123486226903432448|hip:2123486226905640960		7.210	hip	7.849	tyc:3534-302-1
4463-86-1	109967			Gl 854	contested	2219956724293349888	tyc+simbad	tyc:2219956724293349888|simbad:2219956724293349888|cns5:2220169200616370432		9.820	hip	9.769	hip:109967|tyc:4463-86-1
4613-376-1	114463	219194			contested	2287296107776383488	tyc+simbad	tyc:2287296107776383488|simbad:2287296107776383488|hip:2287296107776383360		8.290	hip	9.074	tyc:4613-376-1
8015-728-1	118204	224516			contested	2307165348040488448	tyc+simbad	tyc:2307165348040488448|simbad:2307165348040488448|hip:2307165343744801536		9.760	hip	10.412	tyc:8015-728-1
6989-91-1		225284			disposed	2313603126060528512	simbad	simbad:2313603126060528512		8.598	tycho2	8.490	tyc:6989-91-1
6984-1016-1	117081	222834			contested	2331411774161459328	tyc+simbad	tyc:2331411774161459328|simbad:2331411774161459328|hip:2331411778456143232		9.010	hip	9.655	hip:117081|tyc:6984-1016-1
29-942-1	8274	10867			contested	2509494729004741888	tyc+simbad	tyc:2509494729004741888|simbad:2509494729004741888|hip:2509494724709611264		9.340	hip	10.089	tyc:29-942-1
4664-436-1	1082				contested	2545410413764365952	tyc+simbad	tyc:2545410413764365952|simbad:2545410413764365952|hip:2545410413765293824		10.680	hip	11.221	tyc:4664-436-1
6386-1128-1	112209	215166			contested	2596484068904945152	tyc+simbad	tyc:2596484068904945152|simbad:2596484068904945152|hip:2596484064610066560		8.470	hip	9.087	tyc:6386-1128-1
5211-25-1	108460	208719			contested	2679687721550773632	tyc+simbad	tyc:2679687721550773632|simbad:2679687721550773632|hip:2679687721551213696		9.130	hip	9.797	tyc:5211-25-1
1136-702-1	109480				contested	2722006206116795008	tyc+simbad	tyc:2722006206116795008|simbad:2722006206116795008|hip:2722006206117709952		10.920	hip	10.825	tyc:1136-702-1
1202-246-1	5115	6439			contested	2790383008887273472	tyc+simbad	tyc:2790383008887273472|simbad:2790383008887273472|hip:2790383013182184064		9.200	hip	9.479	tyc:1202-246-1
1738-1311-1	2959	3455			contested	2802878894112288768	tyc+simbad	tyc:2802878894112288768|simbad:2802878894112288768|hip:2802878894112913152		8.810	hip	9.503	tyc:1738-1311-1
1745-2183-1	3885	4757	230		contested	2809005372903101824	tyc+simbad	tyc:2809005372903101824|simbad:2809005372903101824|hip:2809005372903102080		5.550	hip	6.212	tyc:1745-2183-1
1732-381-1	162			Gl 914B	contested	2853948082487665408	tyc+hip+simbad	tyc:2853948082487665408|hip:2853948082487665408|simbad:2853948082487665408|cns5:2853900872207888768		9.840	hip	9.675	hip:162|tyc:1732-381-1
2265-1861-1	1997				disposed	2862908793015820928	tyc+hip+simbad	tyc:2862908793015820928|hip:2862908793015820928|simbad:2862908793015820928		8.780	hip	9.274	hip:1997|tyc:2265-1861-1
3233-2191-1	117673	223718			contested	2881270705919758976	tyc+simbad	tyc:2881270705919758976|simbad:2881270705919758976|hip:2881270705919758848		6.950	hip	7.663	tyc:3233-2191-1
7083-501-1	28504	41070			contested	2884234508231103616	hip	hip:2884234508231103616|simbad:2884234508232825984		7.100	hip		
7071-2045-1	28442	40887		Gl 225.2A	contested	2891185070986964608	cns5	cns5:2891185070986964608|simbad:2891185070988913536		7.850	hip	8.518	
6496-1477-1	28840	41628			contested	2912828407625743616	tyc+simbad	tyc:2912828407625743616|simbad:2912828407625743616|hip:2912828407625743360		7.710	hip	8.497	tyc:6496-1477-1
5939-1995-1	28275	40501			contested	2918270337348519936	tyc+simbad	tyc:2918270337348519936|simbad:2918270337348519936|hip:2918270333052304000		7.920	hip	8.646	tyc:5939-1995-1
6529-220-1	32424	49187			contested	2919267388238206720	tyc+simbad	tyc:2919267388238206720|simbad:2919267388238206720|hip:2919267388238206848		9.370	hip	10.264	tyc:6529-220-1
5326-82-1	23490	32470			contested	2988121142826702720	tyc+simbad	tyc:2988121142826702720|simbad:2988121142826702720|hip:2988121142828564864		8.470	hip	9.433	tyc:5326-82-1
5397-1988-1	37280	61506			contested	3041912580263260032	tyc+simbad	tyc:3041912580263260032|simbad:3041912580263260032|hip:3041912580258551552		8.880	hip	9.705	tyc:5397-1988-1
5402-313-1	34998	55902			contested	3045209332736193152	tyc+simbad	tyc:3045209332736193152|simbad:3045209332736193152|hip:3045209332737792640		8.680	hip	8.651	hip:34998|tyc:5402-313-1
5388-1583-1	33693	52271			contested	3045897416558606976	tyc+simbad	tyc:3045897416558606976|simbad:3045897416558606976|hip:3045897416561009664		8.360	hip	9.247	tyc:5388-1583-1
198-1980-1	39653				contested	3090884763738814464	tyc	tyc:3090884763738814464|hip:3090884763737944960		10.280	hip	10.759	
218-518-1	41699	71908			contested	3092781593091017728	tyc+simbad	tyc:3092781593091017728|simbad:3092781593091017728|hip:3092781593090312064		8.850	hip	9.765	tyc:218-518-1
4806-2113-1	31195	46340			contested	3103487881412233600	tyc+simbad	tyc:3103487881412233600|simbad:3103487881412233600|hip:3103487881408562176		7.590	hip	8.318	tyc:4806-2113-1
5327-953-1	21906				contested	3174712354871414912	tyc+simbad	tyc:3174712354871414912|simbad:3174712354871414912|hip:3174712286151938944		11.030	hip	10.808	tyc:5327-953-1
4731-132-1	18840	25458			contested	3196855282103368448	tyc	tyc:3196855282103368448|hip:3196855316463106688		8.790	hip	9.485	tyc:4731-1449-1
4752-119-1	24849	34747			contested	3215199976485305600	tyc+simbad	tyc:3215199976485305600|simbad:3215199976485305600|hip:3215199980778100352		8.600	hip	8.575	hip:24849|tyc:4752-119-1
4766-101-1	25762	36219			contested	3217210369068049792	tyc	tyc:3217210369068049792|hip:3217210364774895232		7.650	hip	8.509	
116-1263-1	27309	290861			contested	3219205978378160512	tyc+simbad	tyc:3219205978378160512|simbad:3219205978378160512|hip:3219205982673618432		9.700	hip	9.711	tyc:116-1263-1
104-1473-1	24537	34211			contested	3235516790995857664	tyc	tyc:3235516790995857664|hip:3235516790993955456		8.600	hip	9.239	tyc:104-1473-2
102-835-1	23752	32866			contested	3238134556383795840	tyc+simbad	tyc:3238134556383795840|simbad:3238134556383795840|hip:3238134556383795712		9.180	hip	9.856	tyc:102-835-1
740-296-1	30914	45673			contested	3331440040831767424	tyc+simbad	tyc:3331440040831767424|simbad:3331440040831767424|hip:3331440036533364096		8.450	hip	9.140	tyc:740-296-1
1885-673-1	29209	252400			contested	3427175239812833536	tyc+simbad	tyc:3427175239812833536|simbad:3427175239812833536|hip:3427175239816482432		9.910	hip	10.679	tyc:1885-673-1
7237-1460-1	60687	108241			contested	3468847310325952128	tyc+simbad	tyc:3468847310325952128|simbad:3468847310325952128|hip:3468847314622402944		8.260	hip	8.259	hip:60687|tyc:7237-1460-1
6092-670-1	56515	100707			contested	3541908453536988928	tyc	tyc:3541908453536988928|hip:3541908453538687488		7.770	hip	8.597	tyc:6092-670-2
5550-1408-1	65319	116331			contested	3608046547553963776	tyc+simbad	tyc:3608046547553963776|simbad:3608046547553963776|hip:3608046551849420544		7.850	hip	8.540	tyc:5550-1408-1
4979-20-1	69328	124054			contested	3646070069119728896	tyc+simbad	tyc:3646070069119728896|simbad:3646070069119728896|hip:3646070069119438592		7.820	hip	8.645	tyc:4979-20-1
4986-20-1	72590	130850			contested	3651095936770128384	tyc+simbad	tyc:3651095936770128384|simbad:3651095936770128384|hip:3651095936770128640		8.150	hip	8.957	tyc:4986-20-1
318-1309-3	70845				contested	3653383779949175808	tyc	tyc:3653383779949175808|hip:3653383779948591360		10.930	hip	11.307	
4971-759-1	67785	121032			contested	3657158605230657152	tyc+simbad	tyc:3657158605230657152|simbad:3657158605230657152|hip:3657158609525041920		7.600	hip	7.619	hip:67785
319-389-1	69196	123861			contested	3671025821973948544	tyc+simbad	tyc:3671025821973948544|simbad:3671025821973948544|hip:3671025817678486528		8.260	hip	9.018	tyc:319-389-1
293-756-1	62596	111484			contested	3705358587948014080	tyc	tyc:3705358587948014080|hip:3705358587948013952		8.040	hip	8.711	tyc:293-1189-1
297-945-1	63183	112448			contested	3706456725186840704	tyc+simbad	tyc:3706456725186840704|simbad:3706456725186840704|hip:3706456725186224000		9.350	hip	10.317	tyc:297-945-1
306-129-1	65204	116174			contested	3717329177197429376	tyc+simbad	tyc:3717329177197429376|simbad:3717329177197429376|hip:3717329172901660160		9.160	hip	9.925	tyc:306-129-1
288-187-1	60772	108423			contested	3901120448520091776	tyc+simbad	tyc:3901120448520091776|simbad:3901120448520091776|hip:3901120448520092160		9.200	hip	9.402	tyc:288-187-1
878-562-1	61493	109628			contested	3904527697615028736	tyc+simbad	tyc:3904527697615028736|simbad:3904527697615028736|hip:3904527693320163712		8.420	hip	9.041	tyc:878-562-1
888-341-1	62888	112016			contested	3929706445171586816	tyc+simbad	tyc:3929706445171586816|simbad:3929706445171586816|hip:3929706445172671232		9.060	hip	9.676	tyc:888-341-1
1450-190-1	63633	113272			contested	3930510669208916096	tyc+simbad	tyc:3930510669208916096|simbad:3930510669208916096|hip:3930510669208557824		9.840	hip	10.572	tyc:1450-190-1
1434-586-1	52551	92991			contested	3987570061354213504	tyc+simbad	tyc:3987570061354213504|simbad:3987570061354213504|hip:3987570065650051840		8.840	hip	9.475	tyc:1434-586-1
2528-1703-1	61269	109269			contested	4012648207891929216	tyc+simbad	tyc:4012648207891929216|simbad:4012648207891929216|hip:4012648207891906432		8.910	hip	9.619	tyc:2528-1703-1
6863-1320-1	92314	173918			contested	4073125333180836480	tyc+simbad	tyc:4073125333180836480|simbad:4073125333180836480|hip:4073125328855991296		9.110	hip	9.675	tyc:6863-1320-1
6290-679-3	93072				contested	4086490824728216704	tyc+simbad	tyc:4086490824728216704|simbad:4086490824728216704|hip:4086490824729000704		10.670	hip	10.350	tyc:6290-679-3
6273-1502-1	89917	168522			contested	4091481709839657984	tyc+simbad	tyc:4091481709839657984|simbad:4091481709839657984|hip:4091481714180800896		8.980	hip	8.968	hip:89917|tyc:6273-1502-1
6273-186-1	90153				contested	4093006565066268800	tyc	tyc:4093006565066268800|hip:4093006560668685568		9.970	hip	10.471	tyc:6273-186-2
6826-85-1	85804	158758			contested	4117430532210566784	tyc+simbad	tyc:4117430532210566784|simbad:4117430532210566784|hip:4117430527852879488		9.060	hip	9.690	tyc:6826-85-1
5656-131-1	83710	154520			contested	4139792296555526400	tyc+simbad	tyc:4139792296555526400|simbad:4139792296555526400|hip:4139792365279947904		7.470	hip	8.110	tyc:5656-131-1
456-1022-1	92027	173495	7048		contested	4285283042432285696	tyc	tyc:4285283042432285696|hip:4285283042432285568		5.820	hip	6.726	
388-1193-1	82251	151618			contested	4385837980667140864	tyc+simbad	tyc:4385837980667140864|simbad:4385837980667140864|hip:4385837984965165056		7.990	hip	8.659	tyc:388-1193-1
354-1158-1	76250	138834			contested	4427105783087641600	tyc+simbad	tyc:4427105783087641600|simbad:4427105783087641600|hip:4427105783088725376		9.900	hip	10.384	tyc:354-1158-1
958-289-1	79764	146642			contested	4464451825101235328	tyc	tyc:4464451825101235328|hip:4464451829399280768		8.570	hip	8.590	
9175-1037-1	26900	39196			contested	4648549830108994816	tyc+simbad	tyc:4648549830108994816|simbad:4648549830108994816|hip:4648549830108995200		8.800	hip	9.497	tyc:9175-1037-1
8874-1206-1	18311	25106			contested	4669434533781789824	tyc+simbad	tyc:4669434533781789824|simbad:4669434533781789824|hip:4669434538076927872		8.440	hip	8.782	hip:18311
9146-1846-1	9651	13021			contested	4692871178179711616	tyc+simbad	tyc:4692871178179711616|simbad:4692871178179711616|hip:4692871109460235008		9.310	hip	10.016	tyc:9146-1846-1
8491-537-1	13215			Gl 114.1A	contested	4741883730054964992	tyc+hip+simbad	tyc:4741883730054964992|hip:4741883730054964992|simbad:4741883730054964992|cns5:4741883764414703232		11.610	hip	11.381	hip:13215|tyc:8491-537-1
8051-334-1	13273	17888			contested	4754985167013791616	tyc+simbad	tyc:4754985167013791616|simbad:4754985167013791616|hip:4754985167013791488		8.950	hip	9.650	tyc:8051-334-1
8515-1845-1	21756	30003	1504	Gl 175A	contested	4774152506544281216	tyc+simbad	tyc:4774152506544281216|simbad:4774152506544281216|hip:4774152506544171136		6.530	hip	7.233	tyc:8515-1845-1|gj:175 B
8509-459-1	21358	29398			contested	4778135693574197888	tyc+simbad	tyc:4778135693574197888|simbad:4778135693574197888|hip:4778135689277483136		8.240	hip	8.662	tyc:8509-459-1
8501-1286-1	18741	25567			contested	4779821210539714304	tyc+simbad	tyc:4779821210539714304|simbad:4779821210539714304|hip:4779821210539714432		8.260	hip	9.063	tyc:8501-1286-1
8072-1460-1	20911	28689			contested	4787694916385648640	tyc+simbad	tyc:4787694916385648640|simbad:4787694916385648640|hip:4787694916385648896		7.480	hip	8.455	tyc:8072-1460-1
8067-1054-1	17724	24034			contested	4834906429557806848	tyc+simbad	tyc:4834906429557806848|simbad:4834906429557806848|hip:4834906433853835008		9.490	hip	9.797	tyc:8067-1054-1
7033-1442-1	19305	26301			contested	4882836172933834112	tyc+simbad	tyc:4882836172933834112|simbad:4882836172933834112|hip:4882836172931631360		7.430	hip	8.115	tyc:7033-1442-1
8841-986-1	2881	3426			contested	4902079894161337472	tyc	tyc:4902079894161337472|hip:4902079894161774592		9.080	hip	9.497	
8842-751-1	4149	5220			contested	4902656416211263744	tyc+simbad	tyc:4902656416211263744|simbad:4902656416211263744|hip:4902656381851525632		7.880	hip	8.775	tyc:8842-751-1
8478-1394-2	7751	10360	486	Gl 66B	contested	4911306239828325632	tyc+simbad	tyc:4911306239828325632|simbad:4911306239828325632|hip:4911306239828325760|cns5:4911306239828325760		5.760	hip	5.508	tyc:8478-1394-2|gj:66 B
8478-1394-1		10361	487	Gl 66A	contested	4911306239828325760	tyc+simbad	tyc:4911306239828325760|simbad:4911306239828325760|cns5:4911306239828325632		5.805	tycho2	5.625	tyc:8478-1394-1|gj:66 A
8483-97-1	9741	12963			contested	4936165888494578176	tyc	tyc:4936165888494578176|hip:4936165888494202880		9.600	hip	10.102	tyc:8483-97-2
7007-808-1	10638	14194			contested	4970639765617917312	tyc+simbad	tyc:4970639765617917312|simbad:4970639765617917312|hip:4970639769914992256		8.980	hip	9.590	tyc:7007-808-1
8028-376-1	371			GJ 3005	contested	4976607884671319936	tyc+hip+simbad	tyc:4976607884671319936|hip:4976607884671319936|simbad:4976607884671319936|cns5:4976609705736840960		10.820	hip	10.546	hip:371|tyc:8028-376-1
6432-1329-2	9102				contested	5024659257221260032	tyc+simbad	tyc:5024659257221260032|simbad:5024659257221260032|hip:5024659257221260288		10.590	hip	11.261	tyc:6432-1329-2
7560-550-1	13715	18436			contested	5045205139520656000	tyc+simbad	tyc:5045205139520656000|simbad:5045205139520656000|hip:5045205139519618816		7.980	hip	8.726	tyc:7560-550-1
5889-718-1	19533	26535			contested	5092540287622161408	tyc+simbad	tyc:5092540287622161408|simbad:5092540287622161408|hip:5092540287620901632		8.910	hip	7.562	hip:19533|tyc:5889-718-1
5893-1323-1	20045				contested	5093136772678904704	tyc+simbad	tyc:5093136772678904704|simbad:5093136772678904704|hip:5093136772681164032		11.010	hip	8.068	hip:20045|tyc:5893-1323-1
5860-1764-1	12095	16224			contested	5134038467794116352	tyc+simbad	tyc:5134038467794116352|simbad:5134038467794116352|hip:5134038467793180928		9.300	hip	9.355	tyc:5860-1764-1
9191-1378-1	36914	62153	2979		contested	5214590201474858624	tyc+simbad	tyc:5214590201474858624|simbad:5214590201474858624|hip:5214590201472569728		6.330	hip	7.071	tyc:9191-1378-1
9215-1869-1	51578	91561			contested	5232140399928615936	tyc+simbad	tyc:5232140399928615936|simbad:5232140399928615936|hip:5232140399928617472		8.460	hip	9.270	tyc:9215-1869-1
8962-680-1	54295	96567			contested	5240955322102808576	tyc+simbad	tyc:5240955322102808576|simbad:5240955322102808576|hip:5240955322076030976		9.120	hip	9.798	tyc:8962-680-1
8602-845-1	48865	86633			contested	5259948285948781824	tyc	tyc:5259948285948781824|hip:5259948281638703104		8.930	hip		tyc:8602-845-2
9197-1253-1	39596	68038			contested	5269758472276674432	tyc+simbad	tyc:5269758472276674432|simbad:5269758472276674432|hip:5269758472276674560		7.810	hip	8.174	tyc:9197-1253-1
8915-2074-1	38034	64016			contested	5287920170981991296	tyc	tyc:5287920170981991296|hip:5287920166687220736		8.830	hip		
8571-348-1	40821	70561			contested	5315922292605945216	tyc+simbad	tyc:5315922292605945216|simbad:5315922292605945216|hip:5315922292601434752		9.050	hip	9.045	hip:40821|tyc:8571-348-1
8173-578-1	44634	78326			contested	5324365064432769280	tyc	tyc:5324365064432769280|hip:5324365064438587392		7.710	hip	8.616	tyc:8173-578-2
8626-2523-1	52526	93206			contested	5350346970887961984	tyc+hip	tyc:5350346970887961984|hip:5350346970887961984|simbad:5350346970905044480		6.320	hip		tyc:8626-2523-2
8201-744-1	51416	91099			contested	5365525866341935872	tyc+simbad	tyc:5365525866341935872|simbad:5365525866341935872|hip:5365525866341934720		8.320	hip	9.072	tyc:8201-744-1
8228-841-1	57953	103232			contested	5368947958842318336	tyc+simbad	tyc:5368947958842318336|simbad:5368947958842318336|hip:5368947958849610624		9.740	hip	10.518	tyc:8228-841-1
8204-1035-1	54795	97547			contested	5374412050596184448	tyc+simbad	tyc:5374412050596184448|simbad:5374412050596184448|hip:5374412153675399424		6.650	hip	7.187	tyc:8204-1035-1
7228-384-1	56863	101327			contested	5385908677315465216	tyc+simbad	tyc:5385908677315465216|simbad:5385908677315465216|hip:5385908681609743744		7.420	hip	8.193	tyc:7228-384-1
7715-2312-1	49332	87467			contested	5418436702331452032	tyc+simbad	tyc:5418436702331452032|simbad:5418436702331452032|hip:5418436698031414016		8.980	hip	9.513	tyc:7715-2312-1
8554-1857-1	34631	55598			contested	5490328648067151104	tyc+simbad	tyc:5490328648067151104|simbad:5490328648067151104|hip:5490328648067150720		6.940	hip	7.538	tyc:8554-1857-1
8130-532-1	33792	53102			contested	5504580998822507264	tyc+simbad	tyc:5504580998822507264|simbad:5504580998822507264|hip:5504580994526538368		8.670	hip	8.782	tyc:8130-532-1
8144-2122-1	39479	67106			contested	5514417053748337152	tyc+simbad	tyc:5514417053748337152|simbad:5514417053748337152|hip:5514417058047738880		9.180	hip	9.922	tyc:8144-2122-1
7687-1154-1	43285	75549			contested	5523785992328872832	tyc+simbad	tyc:5523785992328872832|simbad:5523785992328872832|hip:5523785996625155840		7.330	hip	7.313	hip:43285|tyc:7687-1154-1
7103-2652-1	35391	57120			contested	5605186102307627008	tyc+simbad	tyc:5605186102307627008|simbad:5605186102307627008|hip:5605186106611784576		7.010	hip	7.862	tyc:7103-2652-1
5977-2577-1	35471	57190			contested	5619740857426604672	tyc+simbad	tyc:5619740857426604672|simbad:5619740857426604672|hip:5619740857426604928		7.020	hip	7.805	tyc:5977-2577-1
6600-638-1	46291	81695			contested	5633376068615301632	tyc+simbad	tyc:5633376068615301632|simbad:5633376068615301632|hip:5633376072913260416		8.680	hip	9.467	tyc:6600-638-1
6579-297-1	42813	74495			contested	5645933320344622720	tyc+simbad	tyc:5645933320344622720|simbad:5645933320344622720|hip:5645933320345628032		8.660	hip	8.647	hip:42813|tyc:6579-297-1
6589-1594-1	44051	76891			contested	5652788942837826432	tyc+simbad	tyc:5652788942837826432|simbad:5652788942837826432|hip:5652788947134856064		8.570	hip	8.554	hip:44051|tyc:6589-1594-1
6614-696-1	47715	84304			contested	5656619984944770432	tyc+simbad	tyc:5656619984944770432|simbad:5656619984944770432|hip:5656619989243067008		9.020	hip	9.021	hip:47715|tyc:6614-696-1
6054-333-1	49177	87052			contested	5670715346059194112	tyc+simbad	tyc:5670715346059194112|simbad:5670715346059194112|hip:5670715350351587968		9.430	hip	10.417	tyc:6054-333-1
5483-335-1	48289			Gl 369	contested	5690993157970346624	tyc+hip+simbad	tyc:5690993157970346624|hip:5690993157970346624|simbad:5690993157970346624|cns5:5690980582306104448		9.160	hip	8.751	hip:48289|tyc:5483-335-1
5424-1883-1	39197	65994			contested	5725473846920110848	tyc	tyc:5725473846920110848|hip:5725473846913741312		7.340	hip		
5421-1247-1	39779	67491			contested	5726021919099182208	tyc+simbad	tyc:5726021919099182208|simbad:5726021919099182208|hip:5726021919107018880		9.500	hip	9.490	hip:39779|tyc:5421-1247-1
9456-1381-1	87160	159117			contested	5774234713706052992	tyc+simbad	tyc:5774234713706052992|simbad:5774234713706052992|hip:5774234713706054272		8.200	hip	8.911	tyc:9456-1381-1
9429-1749-1	75362	135924			contested	5792420185057095040	tyc+simbad	tyc:5792420185057095040|simbad:5792420185057095040|hip:5792420189357965568		8.090	hip	8.915	tyc:9429-1749-1
9048-1988-1	78451	142842			contested	5822304537454598400	tyc+simbad	tyc:5822304537454598400|simbad:5822304537454598400|hip:5822304537465863936		8.330	hip	9.226	tyc:9048-1988-1
8724-732-1	80577	147747			contested	5831709205848945536	tyc+simbad	tyc:5831709205848945536|simbad:5831709205848945536|hip:5831709210203971072		8.510	hip	8.487	hip:80577|tyc:8724-732-1
9412-274-1	60782	108297			contested	5836905158500462592	tyc+simbad	tyc:5836905158500462592|simbad:5836905158500462592|hip:5836905154211361664		8.720	hip	9.519	tyc:9412-274-1
8699-994-1	76009	137924			contested	5883530189610032384	tyc+simbad	tyc:5883530189610032384|simbad:5883530189610032384|hip:5883530185312450688		8.490	hip	9.439	tyc:8699-994-1
8297-4705-1	73807	133242	5605		contested	5903642967392021504	tyc+hip	tyc:5903642967392021504|hip:5903642967392021504|simbad:5903642971705779712		3.910	hip	4.602	
8711-1040-1		145415			contested	5932947220020342528	tyc	tyc:5932947220020342528|simbad:5932947224445750784		9.994	tycho2	10.004	tyc:8711-1040-2
8324-646-1	80540				contested	5933958362784916480	tyc+simbad	tyc:5933958362784916480|simbad:5933958362784916480|hip:5933958362784915712		9.880	hip	10.748	tyc:8324-646-1
8342-299-2	85489				contested	5951972722543186304	tyc+simbad	tyc:5951972722543186304|simbad:5951972722543186304|hip:5951972726896165120		10.200	hip	11.156	tyc:8342-299-2
7891-41-1	84879	156661			contested	5959478126358758016	tyc+simbad	tyc:5959478126358758016|simbad:5959478126358758016|hip:5959478130739342208		8.050	hip	8.116	tyc:7891-41-1
7881-845-1	83723	326915			contested	5965310043403631872	tyc+simbad	tyc:5965310043403631872|simbad:5965310043403631872|hip:5965310039108196864		9.670	hip	10.350	tyc:7881-845-1
8310-118-1	78930	144227			contested	5984926735296329472	tyc+simbad	tyc:5984926735296329472|simbad:5984926735296329472|hip:5984926739641715328		8.100	hip	7.972	hip:78930|tyc:8310-118-1
7348-95-1	80199	147298			contested	6025093857867200512	tyc+simbad	tyc:6025093857867200512|simbad:6025093857867200512|hip:6025093857873680640		9.450	hip	9.646	tyc:7348-95-1
7359-1321-1	82791	152520			contested	6027756497113632000	tyc+simbad	tyc:6027756497113632000|simbad:6027756497113632000|hip:6027756497145466112		8.170	hip	7.959	hip:82791|tyc:7359-1321-1
6822-2102-1	83246	153483			contested	6030151061649040000	tyc+simbad	tyc:6030151061649040000|simbad:6030151061649040000|hip:6030151057300173568		8.220	hip	9.050	tyc:6822-2102-1
8657-666-1	64287	114274			contested	6063294087303124992	tyc+simbad	tyc:6063294087303124992|simbad:6063294087303124992|hip:6063294087272917760		9.060	hip	9.036	hip:64287|tyc:8657-666-1
8667-924-1	66483	118369			contested	6064412015741313280	tyc+simbad	tyc:6064412015741313280|simbad:6064412015741313280|hip:6064412015742479488		8.690	hip	8.689	hip:66483|tyc:8667-924-1
8253-2134-1	62820	111808			contested	6079501056160879360	tyc+simbad	tyc:6079501056160879360|simbad:6079501056160879360|hip:6079501060464963072		7.860	hip	7.861	hip:62820|tyc:8253-2134-1
8250-546-1	63301				contested	6086002094759753856	tyc	tyc:6086002094759753856|hip:6086002094754592256		10.240	hip	10.870	
7808-155-1	69229	123747			contested	6117071235344709376	tyc+simbad	tyc:6117071235344709376|simbad:6117071235344709376|hip:6117071235345272064		8.650	hip	9.462	tyc:7808-155-1
7285-1378-1	69003	123328			contested	6124283615003841280	tyc+simbad	tyc:6124283615003841280|simbad:6124283615003841280|hip:6124283619299972352		9.590	hip	10.260	tyc:7285-1378-1
8241-2793-1	59368				contested	6125440992734851456	tyc+simbad	tyc:6125440992734851456|simbad:6125440992734851456|hip:6125440992742188288		9.250	hip	7.909	hip:59368|tyc:8241-2793-1
7763-858-1	58660	104472			contested	6148904880101910912	tyc+simbad	tyc:6148904880101910912|simbad:6148904880101910912|hip:6148904875806011264		7.390	hip	8.047	tyc:7763-858-1
7792-1124-1	66425	118352			contested	6161523322219170560	tyc	tyc:6161523322219170560|hip:6161523317921595776		8.690	hip	9.292	tyc:7792-1124-2
6758-1989-1	72284				contested	6218996822224956032	tyc	tyc:6218996822224956032|hip:6218996817929968000		10.560	hip	11.319	
6751-1898-1	72511			Gl 563.2B	contested	6228695236338166528	cns5	cns5:6228695236338166528|simbad:6228695270698475392		11.720	hip	11.129	hip:72509|tyc:6751-1899-1|gj:9495 B
6751-1899-1	72509			Gl 563.2A	contested	6228695270698475392	cns5	tyc:6228695201978998144|cns5:6228695270698475392|simbad:6228695236338166528	6228695201978998144:mag	12.070	hip	10.795	hip:72511|tyc:6751-1898-1|gj:9495 A
8801-789-1	104662	201452			contested	6456644784418456704	tyc+simbad	tyc:6456644784418456704|simbad:6456644784418456704|hip:6456644784417888640		9.110	hip	9.777	tyc:8801-789-1
8435-796-1	106387	204824			contested	6465826943460722432	tyc+simbad	tyc:6465826943460722432|simbad:6465826943460722432|hip:6465826939163834368		10.250	hip	10.932	tyc:8435-796-1
8795-607-2	102682				contested	6470297111060872576	tyc+simbad	tyc:6470297111060872576|simbad:6470297111060872576|hip:6470297111064453760		11.900	hip	12.455	tyc:8795-607-2
8407-340-1	102604	197789			contested	6482901908066824192	tyc+simbad	tyc:6482901908066824192|simbad:6482901908066824192|hip:6482901912362564096		8.970	hip	9.503	tyc:8407-340-1
8454-963-1	113984	217962			contested	6500944692017583104	tyc+simbad	tyc:6500944692017583104|simbad:6500944692017583104|hip:6500944760737059968		8.820	hip	9.501	tyc:8454-963-1
8457-1126-1	117269	223090			contested	6531529635166092928	tyc+simbad	tyc:6531529635166092928|simbad:6531529635166092928|hip:6531529635166093312		8.690	hip	9.370	tyc:8457-1126-1
8000-751-1	111500	213915			contested	6545283627981857408	tyc+simbad	tyc:6545283627981857408|simbad:6545283627981857408|hip:6545283632276908032		8.910	hip	9.766	tyc:8000-751-1
7995-1097-1	108983	209497			contested	6574376057114459904	tyc	tyc:6574376057114459904|hip:6574376057112716288		9.830	hip	10.325	
7505-611-2	112815				contested	6604314246908785280	tyc+simbad	tyc:6604314246908785280|simbad:6604314246908785280|hip:6604314246908819456		10.210	hip	10.866	tyc:7505-611-2
8758-1030-1	91832	172494			contested	6651627641004390912	tyc+simbad	tyc:6651627641004390912|simbad:6651627641004390912|hip:6651627636706535040		8.090	hip	8.986	tyc:8758-1030-1
8383-133-1	94892	180310			contested	6657358604843400448	tyc+simbad	tyc:6657358604843400448|simbad:6657358604843400448|hip:6657358604846190464		9.500	hip	10.034	tyc:8383-133-1
8370-434-1	89903				contested	6701965825948058368	tyc+simbad	tyc:6701965825948058368|simbad:6701965825948058368|hip:6701965825948059136		11.910	hip	11.755	tyc:8370-434-1
8366-2059-2	89621				contested	6703437311804952704	tyc+simbad	tyc:6703437311804952704|simbad:6703437311804952704|hip:6703437316104993408		11.280	hip	11.517	tyc:8366-2059-2
7912-482-1	89332	166619			contested	6721087153486469632	tyc+simbad	tyc:6721087153486469632|simbad:6721087153486469632|hip:6721087157784921472		8.940	hip	9.186	tyc:7912-482-1
7909-1656-1	90109	168755			contested	6722825039006632704	tyc+simbad	tyc:6722825039006632704|simbad:6722825039006632704|hip:6722825039006633344		8.010	hip	8.806	tyc:7909-1656-1
7402-1460-1	91054	171119			contested	6734631732295247232	tyc+simbad	tyc:6734631732295247232|simbad:6734631732295247232|hip:6734631732314894336		6.910	hip	7.745	tyc:7402-1460-1
7427-2074-1	94938	180748			contested	6744118967160350592	tyc+simbad	tyc:6744118967160350592|simbad:6744118967160350592|hip:6744118971452397184		7.780	hip	8.518	tyc:7427-2074-1
7424-1937-1	95662	182798			contested	6746169594991949568	tyc	tyc:6746169594991949568|hip:6746169594997608704		8.920	hip	9.543	tyc:7424-1937-2
7439-536-1	98104				contested	6748340374546746240	tyc	tyc:6748340374546746240|hip:6748340370251842816		10.090	hip	10.799	
7466-1211-1	102979	198504			contested	6779762149123890688	tyc+simbad	tyc:6779762149123890688|simbad:6779762149123890688|hip:6779762149123733504		9.650	hip	10.416	tyc:7466-1211-1
7462-1061-1	103350	199148			contested	6781755494984825088	tyc+simbad	tyc:6781755494984825088|simbad:6781755494984825088|hip:6781755494982967424		10.010	hip	10.676	tyc:7462-1061-1
5784-205-1	104687	201796			contested	6884240247958763392	tyc+simbad	tyc:6884240247958763392|simbad:6884240247958763392|hip:6884240252254370304		7.440	hip	8.070	tyc:5784-205-1
5183-1924-1	103447	199467			contested	6915679481581207424	tyc+simbad	tyc:6915679481581207424|simbad:6915679481581207424|hip:6915679481581303424		7.840	hip	6.653	hip:103447|tyc:5183-1924-1
