tyc	hip	hd	gl	gaia_source_id	cell	value	reason
1004-180-1	85979	159466		4494343908427630336	flam	54	flamsteed_unattested
1004-260-1	86041	159610		4494341606325072768	flam	56	flamsteed_unattested
1179-669-1	1427	1352		2793413885704410112	flam	39	flamsteed_unattested
1180-1763-1	2415	2714		2780817605618658944	flam	49	flamsteed_unattested
1200-1028-1	6527	8442		2593493809594162176	flam	92	flamsteed_unattested
1205-1190-1	7709	10113		2592537440636481664	flam	103	flamsteed_unattested
1218-1667-1	10810	14305		87044422856456192	flam	23	flamsteed_unattested
1227-1178-1	14021	18654		35588412548063744	flam	50	flamsteed_unattested
1290-658-1	23949	33121		3407983126912316672	flam	107	flamsteed_unattested
1299-1225-1	27106	38219		3348274560284249216	flam	128	flamsteed_unattested
1306-932-1	26925	37940		3399202392691403008	flam	127	flamsteed_unattested
1337-1295-1	31368	46516		3371879253866172544	flam	22	flamsteed_unattested
1340-1614-1	30588	44974		3376305578443020160	flam	14	flamsteed_unattested
1360-1431-1	36739	60081		3168477161868847616	flam	67	flamsteed_unattested
1375-558-1	38495	64092		674990845424176512	flam	84	flamsteed_unattested
1388-355-1	39447	66347		680043788548399360	flam	7	flamsteed_unattested
1394-755-1	44336	77230		611181444018632960	flam	68	flamsteed_unattested
1396-406-1	42791	74200		658650934403008896	flam	44	flamsteed_unattested
1401-1139-1	44637	77892		611251121272814464	flam	71	flamsteed_unattested
1401-384-1	44918	78479		635095890642370560	flam	78	flamsteed_unattested
1412-386-1	48881	86359		616494524722260224	flam	26	flamsteed_unattested
1419-1435-1	49850	88233		621695489599283584	flam	33	flamsteed_unattested
1421-860-1	52120	92196		3886447534566460032	flam	50	flamsteed_unattested
1449-262-1	62819	111892		3934697437689260416	flam	33	flamsteed_unattested
1495-1511-1	77249	141040		1195918873183569152	flam	29	flamsteed_unattested
1728-723-1	117735	223792		2847695194220107776	flam	83	flamsteed_unattested
1762-704-1	7948	10407		302230943040223232	flam	1	flamsteed_unattested
1864-1702-1	28455	40545		3424540290260886144	flam	140	flamsteed_unattested
1935-237-1	39888	67402		683849468873040640	flam	11	flamsteed_unattested
1962-928-1	47382	83469		645106772214340352	flam	12	flamsteed_unattested
1979-2530-1	53195	94218		731305700693304192	flam	45	flamsteed_unattested
1979-726-1	52240	92371		734105538333909760	flam	39	flamsteed_unattested
2042-344-1	79846	146915		1301985049060710016	flam	18	flamsteed_unattested
2042-807-1	79724	146604		1301850771202612224	flam	17	flamsteed_unattested
2064-620-1	83876	155104		4572036430836998912	flam	62	flamsteed_unattested
2070-169-1	82000	151237		1310701354477617536	flam	46	flamsteed_unattested
2097-1133-1	90265		GJ 4057	4536614495522394112	hd	336196	hd_unattested
250-1418-1	49739	88048		3873337438953244928	flam	16	flamsteed_unattested
2516-1008-1	50857	89892		752768270746349184	flam	26	flamsteed_unattested
255-879-1	53460	94738		3804913971363248384	flam	57	flamsteed_unattested
256-239-1	51592	91256		3858772792535644288	flam	32	flamsteed_unattested
2584-458-1	80648	148616		1325378533330472576	flam	26	flamsteed_unattested
267-1166-1	55769	99305		3812424013738617728	flam	82	flamsteed_unattested
27-117-1	6915	9024		2566130572951393408	flam	96	flamsteed_unattested
2915-197-1	27458	38604		191509366212532352	flam	28	flamsteed_unattested
2993-1748-1	48428	85373		800000782016660096	flam	17	flamsteed_unattested
3022-1818-1	64244	114427		1523144322564237440	flam	16	flamsteed_unattested
3022-734-1	64355	114674		1525669763335299712	flam	18	flamsteed_unattested
3738-522-1	22994	31189		274343754751868544	flam	6	flamsteed_unattested
3757-38-1	26426	36770		268463497843353600	flam	20	flamsteed_unattested
3763-2508-1	29315	41783		999488887495183872	flam	38	flamsteed_unattested
3773-1330-1	31526	46318		995180726060673792	flam	9	flamsteed_unattested
3806-1555-1	46239	81104		1023042488145841408	flam	21	flamsteed_unattested
3812-181-1	45812	80130		1038553985873636864	flam	20	flamsteed_unattested
391-2823-1	81717	150525		4435483683736991232	flam	38	flamsteed_unattested
394-533-1	81354	149805		4439079602155368576	flam	33	flamsteed_unattested
4085-1226-1	26700	37136		286167146880442880	flam	21	flamsteed_unattested
4097-1681-1	31763	46635		1003723587809787136	flam	10	flamsteed_unattested
4101-1276-1	31944	47005		1004106183496306560	flam	41	flamsteed_unattested
4237-736-1	100565	194666		2243226032469840128	flam	72	flamsteed_unattested
4323-87-1	9802	12441		559093455043923456	flam	51	flamsteed_unattested
4413-768-1	72181	130834		1698533229106119296	flam	6	flamsteed_unattested
4414-43-1	74806	136727		1695991639258888064	flam	12	flamsteed_unattested
4417-874-1	73808	134584		1700334912051096704	flam	10	flamsteed_unattested
4560-1523-1	77942	143803		1703915579042555136	flam	17	flamsteed_unattested
4563-1084-1	76695	141652		1708946939955140352	flam	18	flamsteed_unattested
4665-558-1	2343	2629		2542650673939738752	flam	11	flamsteed_unattested
4683-2267-1	5666	7268		2475743982639713792	flam	36	flamsteed_unattested
4689-1231-1	10033	13228		2494291678648211840	flam	62	flamsteed_unattested
4724-983-1	18122	24371		3246133194237648640	flam	29	flamsteed_unattested
4815-3814-1	34904	55533		3110993938058403200	flam	23	flamsteed_unattested
4901-1168-1	48087	84882		3819954122200360704	flam	3	flamsteed_unattested
4902-1811-1	48286	85294		3819749058986449024	flam	5	flamsteed_unattested
4921-1206-1	54515	96855		3791464504614567040	flam	66	flamsteed_unattested
4973-1498-1	67355	120235		3620226013948951552	flam	88	flamsteed_unattested
4977-1029-1	70220	125817		3646686173588092928	flam	103	flamsteed_unattested
5118-469-1	92501	174532		4258730626867044864	flam	7	flamsteed_unattested
5200-1719-1	103681	199944		6910686771077847680	flam	10	flamsteed_unattested
5241-880-1	112813	216182		2611143891797767552	flam	72	flamsteed_unattested
5244-1064-1	115951	221146		2643862402903084544	flam	12	flamsteed_unattested
5244-1241-1	115945	221147		2640750750636493952	flam	11	flamsteed_unattested
5274-414-1	6048	7812		2472434830597225984	flam	41	flamsteed_unattested
5499-1209-1	52884	93704		3761535145271290496	flam	39	flamsteed_unattested
5526-1662-1	60088	107161		3581395214626357376	flam	14	flamsteed_unattested
5546-683-1	66465	118511		3630509368246455680	flam	81	flamsteed_unattested
5547-1517-1	64834	115466		3623497335919494144	flam	58	flamsteed_unattested
5555-1618-1	69403	124248		3614856480195250176	flam	97	flamsteed_unattested
5778-1803-1	103640	199828		6888684821851122048	flam	8	flamsteed_unattested
5782-1504-1	103728	200004		6888373969298444672	flam	9	flamsteed_unattested
5796-1289-1	107527	207061		6844193324351118336	flam	50	flamsteed_unattested
5806-1618-1	109720	210845		2613075218331521920	flam	40	flamsteed_unattested
5807-1695-1	110786	212741		2602805504850273408	flam	54	flamsteed_unattested
5815-1322-1	111843	214572		2608109136625709440	flam	64	flamsteed_unattested
5815-833-1	112161	215097		2608070207042148992	flam	65	flamsteed_unattested
5816-777-1	113085	216567		2603998715484828160	flam	75	flamsteed_unattested
5820-107-1	114006	218081		2607493444474169728	flam	84	flamsteed_unattested
5820-155-1	114164	218331		2631323984616613376	flam	87	flamsteed_unattested
5820-461-1	114054	218173		2607299758628916352	flam	85	flamsteed_unattested
601-680-1	1340	1243		2768131612255928192	flam	37	flamsteed_unattested
6066-315-1	51614	91369		3747921438973001088	flam	43	flamsteed_unattested
612-572-1	4832	6077		2577716195692862336	flam	70	flamsteed_unattested
6293-2060-1	92602	174596		4078810942164503552	flam	31	flamsteed_unattested
6354-402-1	104429	201301		6832471637046122880	flam	26	flamsteed_unattested
6369-1186-1	106568	205306		6830171561799887872	flam	38	flamsteed_unattested
6750-1747-1	71652	128756		6229904733488327424	flam	3	flamsteed_unattested
6809-555-1	82007	150937		6047978474412802176	flam	15	flamsteed_unattested
6810-733-1	82758	152534		4125469164752997504	flam	22	flamsteed_unattested
6815-1770-1	83508	154021		4112215960860030592	flam	28	flamsteed_unattested
6815-3192-1	83566	154132		4112220049668077952	flam	31	flamsteed_unattested
6826-235-1	85703	158527		4110619195139312000	flam	50	flamsteed_unattested
6842-1845-1	88142	164031		4069016973608165888	flam	5	flamsteed_unattested
6843-378-1	89276	166767		4066429066901946368	flam	12	flamsteed_unattested
6843-543-1	88943	165921		4066278846098710016	flam	11	flamsteed_unattested
6857-1414-1	90713	170457		4077814441070234112	flam	23	flamsteed_unattested
6960-1865-1	108571	208851		6619460878574794880	flam	11	flamsteed_unattested
6967-1376-1	112362	215452		6623203203838628864	flam	20	flamsteed_unattested
831-1103-1	48298	85259		613187739206026752	flam	21	flamsteed_unattested
8342-6346-1	86092	159217		5949068676156098944	flam	1	flamsteed_unattested
946-1598-1	79608	146169		4450604030202914048	flam	12	flamsteed_unattested
954-1367-1	79704	146452		4454013134724660480	flam	15	flamsteed_unattested
