system_id	comp	hip	gaia_source_id	hd	x_pc	y_pc	z_pc	absmag	ci	spect	name	source	regime	resolve_via	astrometry_via	orbit_via	spect_via	photometry_via	a_via	orbit_role	P_days	T_jd	e	a_AU	i_rad	omega_rad	Omega_rad	q	dist_pc	sep_arcsec	pa_deg	sep_pa_epoch_jd	dmag	anchor_sep_arcsec	anchor_pa_deg	mag_pri	mag_sec
00003-4417-AB	A	25		224750	58.242567	0.081244	-56.818833	1.7280	0.7630	G3IV		athyg	2	unresolved	hip2_long_baseline	orb6	msc	athyg_own	catalog	primary	42149.850000	2455774.5950	0.717000	35.394630	1.144936	5.188864	2.574361	0.500000	81.366965	0.200	183.00	2459580.5000	0.7600			6.80	7.56
00003-4417-AB	B			224750	58.242371	0.081414	-56.819084	1.7280	0.7630	G3 IV		athyg	2	unresolved	athyg_position	orb6	athyg	athyg_system_inherited	catalog	secondary	42149.850000	2455774.5950	0.717000	35.394630	1.144936	5.188864	2.574361	0.500000	81.367000	0.200	183.00	2459580.5000	0.7600	0.200	183.00	6.80	7.56
00004+7305-AB	A		537476231810281216		49.144356	0.080608	161.573201	4.8658	0.6782			wds	0	simbad_xid	gaia_5p	none	none	gaia_photometry	none	primary									168.881833	23.400	282.00	2457023.7500	2.8900			11.11	14.00
00004+7305-AB	B		537476231805800192		49.144356	0.080608	161.573201					wds	0	simbad_xid	system_inherited	none	none	none	none	secondary									168.881833	23.400	282.00	2457023.7500	2.8900	23.400	282.00	11.11	14.00
00005+2031-AB	A		2846397426901993984		175.409737	0.401263	65.612813	3.6433	0.5211	F2		wds	0	simbad_xid	gaia_5p	none	simbad	gaia_photometry	none	primary									187.279946	4.300	40.00	2457389.0000	3.3000			10.10	13.40
00005+2031-AB	B				175.409737	0.401263	65.612813					wds	0	unresolved	system_inherited	none	none	none	none	secondary									187.279946	4.300	40.00	2457389.0000	3.3000	4.300	40.00	10.10	13.40
00006-5306-AB	A	50	4972326695628963584	224782	36.317997	0.090947	-48.367311	2.5820	0.6160	G0/2 IV		athyg	2	orb6_hip	gaia_5p	orb6	athyg	athyg_own	catalog	primary	330194.619900	2474674.4197	0.811720	169.587071	0.870797	1.390609	0.102276	0.500000	60.484725	1.400	340.00	2458484.7500	3.3000			6.55	9.85
00006-5306-AB	B	50	4972326695628963584	224782	36.317997	0.090947	-48.367311	2.5820	0.6160	G0/2 IV		athyg	2	ccdm_hip	gaia_5p	orb6	athyg	athyg_system_inherited	catalog	secondary	330194.619900	2474674.4197	0.811720	169.587071	0.870797	1.390609	0.102276	0.500000	60.484725	1.400	340.00	2458484.7500	3.3000	1.400	340.00	6.55	9.85
00008+1659-AB	A	68	2772904695310603520	224808	28.755119	0.100470	8.784104	6.4000	0.9400	K0		athyg	2	athyg_gaia_native	gaia_5p	orb6	athyg	athyg_own	catalog	primary	24332.955000	2447983.8125	0.372000	15.965603	2.926917	6.263987	2.481858	0.500000	30.067050	0.700	325.00	2459580.5000	3.8100			8.79	12.60
00008+1659-AB	B			224808	28.755170	0.100416	8.783768	6.4000	0.9400	K0		athyg	2	unresolved	athyg_position	orb6	athyg	athyg_system_inherited	catalog	secondary	24332.955000	2447983.8125	0.372000	15.965603	2.926917	6.263987	2.481858	0.500000	30.067000	0.700	325.00	2459580.5000	3.8100	0.700	325.00	8.79	12.60
00012+1357-Aa,Ab	Aa	96	2767387380324493184		35.492429	0.188974	8.833423	7.6440	1.3600	M0.5		athyg	0	athyg_gaia_native	gaia_5p	none	msc	athyg_own	none	primary									36.575642	0.200	170.00	2458484.7500	2.4000			10.70	13.10
00012+1357-Aa,Ab	Ab				35.492329	0.188984	8.833651	7.6440	1.3600	M0		athyg	0	unresolved	athyg_position	none	athyg	athyg_system_inherited	none	secondary									36.575600	0.200	170.00	2458484.7500	2.4000			10.70	13.10
00012+1357-AB	A	96	2767387380324493184		35.492429	0.188974	8.833423	7.6440	1.3600	M0.5V		athyg	0	simbad_xid	gaia_5p	none	simbad	athyg_own	none	primary									36.575642	11.500	204.00	2459215.2500	0.4600			10.66	11.12
00012+1357-AB	B		2767384425386994048		35.017462	0.185620	8.713289	8.2993	1.3994	M0.0V		wds	0	simbad_xid	gaia_5p	none	simbad	gaia_photometry	none	secondary									36.085711	11.500	204.00	2459215.2500	0.4600	11.500	204.00	10.66	11.12
00017+5905-Aa,Ab	Aa				973.954221	7.399686	1626.816232					wds	0	unresolved	system_inherited	none	none	none	none	primary									1896.094046	0.800	61.00	2457389.0000	1.0700			10.90	11.97
00017+5905-Aa,Ab	Ab				973.954221	7.399686	1626.816232					wds	0	unresolved	system_inherited	none	none	none	none	secondary									1896.094046	0.800	61.00	2457389.0000	1.0700	0.800	61.00	10.90	11.97
00022+5958-AB	A	174	423322976116896512	240475	190.724993	1.836738	329.899708	0.9550	1.0350	G9II-III		athyg	0	simbad_xid	gaia_nss_systemic	none	simbad	athyg_own	none	primary									381.068516	12.900	248.00	2457023.7500	2.6900			8.96	11.65
00022+5958-AB	B		423321494344493696		192.352860	1.830142	332.697083	3.7774	0.6116			wds	0	simbad_xid	gaia_5p	none	none	gaia_photometry	none	secondary									384.304984	12.900	248.00	2457023.7500	2.6900	12.900	248.00	8.96	11.65
00023+3257-Aa,Ab	Aa				94.157689	0.954141	61.048658					wds	0	unresolved	system_inherited	none	none	none	none	primary									112.220851	0.400	31.00	2457023.7500				9.07	
00023+3257-Aa,Ab	Ab				94.157689	0.954141	61.048658					wds	0	unresolved	system_inherited	none	none	none	none	secondary									112.220851	0.400	31.00	2457023.7500				9.07	
00023+3257-AB	A		2874252072226664192		94.157689	0.954141	61.048658	3.7934	0.5663			wds	0	simbad_xid	gaia_5p	none	none	gaia_photometry	none	primary									112.220851	1.400	347.00	2459215.2500	1.4700			9.07	10.54
00023+3257-AB	B		2874252076523637120		94.658672	0.959037	61.374378	5.1264				wds	0	simbad_xid	gaia_5p	none	none	gaia_photometry	none	secondary									112.818430	1.400	347.00	2459215.2500	1.4700	1.400	347.00	9.07	10.54
00024+1047-AB	A	190		224994	85.941502	0.907833	16.357578	2.1910	0.5700	G0		athyg	2	unresolved	hip2_long_baseline	orb6	msc	athyg_own	catalog	primary	21498.615000	2452611.5300	0.806000	17.532808	1.930334	0.324631	1.158899	0.500000	87.489064	0.300	246.00	2457754.2500	-0.5400			9.91	9.37
00024+1047-AB	B			224994	200.508710	2.117632	38.162546	2.1910	0.5700	G0		athyg	2	unresolved	athyg_position	orb6	athyg	athyg_system_inherited	catalog	secondary	21498.615000	2452611.5300	0.806000	17.532808	1.930334	0.324631	1.158899	0.500000	204.119100	0.300	246.00	2457754.2500	-0.5400	0.300	246.00	9.91	9.37
00024+1047-AB,C	AB	190	2765432581794718720	224994	85.941502	0.907833	16.357578	2.1910	0.5700	G0		athyg	0	simbad_xid	hip2_long_baseline	none	simbad	athyg_own	none	primary									87.489064	63.400	301.00	2457389.0000	-0.2500			8.80	8.55
00024+1047-AB,C	C	185	2765432654808342016	224984	97.452747	1.003236	18.564385	3.5470	0.5300	F8		athyg	0	simbad_xid	gaia_5p	none	simbad	athyg_own	none	secondary									99.210286	63.400	301.00	2457389.0000	-0.2500	63.400	301.00	8.80	8.55
00026+5942-AB	A				1068.254819	12.162580	1825.938706					wds	0	unresolved	system_inherited	none	none	none	none	primary									2115.506664	2.200	42.00	2459580.5000	0.2400			11.36	11.60
00026+5942-AB	B				1068.254819	12.162580	1825.938706					wds	0	unresolved	system_inherited	none	none	none	none	secondary									2115.506664	2.200	42.00	2459580.5000	0.2400	2.200	42.00	11.36	11.60
00047+3416-AB	A	374	2875176319125669888	225220	180.321902	3.672930	122.871387	0.3250	1.1000	K0		athyg	2	orb6_hip	gaia_5p	orb6	msc	athyg_own	catalog	primary	199061.250000	2503410.5000	0.670000	135.960892	1.734857	2.087414	2.380629		218.235782	0.800	142.00	2458850.0000	0.3600			7.72	8.08
00047+3416-AB	B		2875176319124591744		178.897212	3.644384	121.899876	1.2398	0.9268			wds	2	simbad_xid	gaia_5p	orb6	none	gaia_photometry	catalog	secondary	199061.250000	2503410.5000	0.670000	135.960892	1.734857	2.087414	2.380629		216.511139	0.800	142.00	2458850.0000	0.3600	0.800	142.00	7.72	8.08
00047+3416-AB,D	AB	374	2875176319125669888	225220	180.321902	3.672930	122.871387	0.3250	1.1000	K0		athyg	0	athyg_gaia_native	gaia_5p	none	simbad	athyg_own	none	primary									218.235782	95.200	238.00	2458850.0000	3.4800			7.13	10.61
00047+3416-AB,D	D		2875176250406193920		176.020943	3.501546	119.875732			F9?		wds	0	simbad_xid	gaia_nss_systemic	none	msc	none	none	secondary									212.992545	95.200	238.00	2458850.0000	3.4800	95.200	238.00	7.13	10.61
00091+4051-Aa,Ab	Aa	737	383316214738297728	445	45.259439	1.790948	39.155588	3.0440	0.8000	G5		athyg	0	athyg_gaia_native	gaia_5p	none	athyg	athyg_own	none	primary									59.873069	0.300	51.00	2457023.7500				7.04	
00091+4051-Aa,Ab	Ab			445	45.259734	1.791283	39.155280	3.0440	0.8000	G5		athyg	0	unresolved	athyg_position	none	athyg	athyg_system_inherited	none	secondary									59.873100	0.300	51.00	2457023.7500				7.04	
00091+4051-AB	A	737	383316214738297728	445	45.259439	1.790948	39.155588	3.0440	0.8000	G5		athyg	0	simbad_xid	gaia_5p	none	simbad	athyg_own	none	primary									59.873069	2.100	34.00	2457389.0000	4.4600			7.04	11.50
00091+4051-AB	B		383316214736402816		45.313362	1.793418	39.202908	7.4307				wds	0	simbad_xid	gaia_5p	none	none	gaia_photometry	none	secondary									59.944851	2.100	34.00	2457389.0000	4.4600	2.100	34.00	7.04	11.50
00109+4807-AB	A	889	393135261599786880	652	43.561893	2.080794	48.623642	4.3350	0.5750	G5		athyg	0	simbad_xid	gaia_5p	none	simbad	athyg_own	none	primary									65.316360	24.000	47.00	2457023.7500	2.3100			8.41	10.72
00109+4807-AB	B		393135231533156224		39.281273	1.881375	43.852850					wds	0	simbad_xid	gaia_nss_systemic	none	none	none	none	secondary									58.903569	24.000	47.00	2457023.7500	2.3100	24.000	47.00	8.41	10.72
00121+5337-AB	A	981		761	71.013502	3.763903	96.539646	1.4760	0.2620	A 7 VN		athyg	2	unresolved	hip2_long_baseline	orb6	athyg	athyg_own	catalog	primary	24413.310000	2446629.4655	0.828200	30.143885	0.746477	4.454080	4.448844	0.500000	119.904077	0.300	324.00	2459215.2500	1.2100			7.25	8.46
00121+5337-AB	B			761	71.013548	3.764087	96.539633	1.4760	0.2620	A 7 VN		athyg	2	unresolved	athyg_position	orb6	athyg	athyg_system_inherited	catalog	secondary	24413.310000	2446629.4655	0.828200	30.143885	0.746477	4.454080	4.448844	0.500000	119.904100	0.300	324.00	2459215.2500	1.2100	0.300	324.00	7.25	8.46
00121+5337-AC	A	981		761	71.013502	3.763903	96.539646	1.4760	0.2620	A 7 VN		athyg	0	unresolved	hip2_long_baseline	none	athyg	athyg_own	none	primary									119.904077	0.300	298.00	2451910.2500				7.25	
00121+5337-AC	C			761	71.013548	3.764087	96.539633	1.4760	0.2620	A 7 VN		athyg	0	unresolved	athyg_position	none	athyg	athyg_system_inherited	none	secondary									119.904100	0.300	298.00	2451910.2500		0.300	298.00	7.25	
00124+4558-AC	A	995	386145464315376000	794	513.989029	27.925869	532.283808	-1.1080	1.5830	M2		athyg	0	ccdm_hip	gaia_5p	none	athyg	athyg_own	none	primary									740.466494	2.000	121.00	2456658.5000				8.66	
00124+4558-AC	C	995	386145464315376000	794	513.989029	27.925869	532.283808	-1.1080	1.5830	M2		athyg	0	athyg_gaia_native	gaia_5p	none	athyg	athyg_system_inherited	none	secondary									740.466494	2.000	121.00	2456658.5000		2.000	121.00	8.66	
03082+4057-Aa1,2	Aa1	14576		19356	14.189403	15.238779	18.072085	-0.1120	-0.0030	B8V	Algol	athyg	2	unresolved	hip2_long_baseline	orb6	athyg	athyg_own	catalog	primary	2.867328	2441771.3530	0.000000	0.059278	1.722640	4.712389	0.757996	0.264214	27.570995	0.000	43.00	2455197.5000				2.12	
03082+4057-Aa1,2	2	14576		19356	14.189403	15.238779	18.072085	-0.1120	-0.0030	K0IV	Algol	athyg	2	unresolved	hip2_long_baseline	orb6	curated	athyg_system_inherited	catalog	secondary	2.867328	2441771.3530	0.000000	0.059278	1.722640	4.712389	0.757996	0.264214	27.570995	0.000	43.00	2455197.5000				2.12	
03082+4057-Aa,Ab	Aa	14576		19356	14.189403	15.238779	18.072085	-0.1120	-0.0030	B8V	Algol	athyg	2	unresolved	hip2_long_baseline	orb6	msc	athyg_own	catalog	primary	680.168000	2446927.2200	0.227000	2.575958	1.460142	5.410870	2.315354	0.264214	27.570995	0.100	304.00	2455197.5000	2.4800			2.12	4.60
03082+4057-Aa,Ab	Ab			19356	14.189407	15.238779	18.072088	-0.1120	-0.0030	K0IV	Algol	athyg	2	unresolved	athyg_position	orb6	msc	athyg_system_inherited	catalog	secondary	680.168000	2446927.2200	0.227000	2.575958	1.460142	5.410870	2.315354	0.264214	27.571000	0.100	304.00	2455197.5000	2.4800	0.100	304.00	2.12	4.60
04049-3527-AB	A		4857945669220059392	25926	23.779837	43.313922	-35.176092	3.7860	0.6370	G2V		athyg	0	simbad_xid	gaia_5p	none	msc	athyg_own	none	primary									60.654216	0.900	75.00	2459580.5000	0.2800			8.37	8.65
04049-3527-AB	B	19052	4857945669220059520	25926	23.881877	43.500374	-35.327308	3.7860	0.6370	G2 V		athyg	0	simbad_xid	gaia_5p	none	athyg	athyg_system_inherited	none	secondary									60.915066	0.900	75.00	2459580.5000	0.2800	0.900	75.00	8.37	8.65
04049-3527-AC	A		4857945669220059392	25926	23.779837	43.313922	-35.176092	3.7860	0.6370	G2V		athyg	0	simbad_xid	gaia_5p	none	msc	athyg_own	none	primary									60.654216	1.000	75.00	2457023.7500	1.9300			8.37	10.30
04049-3527-AC	C				23.779837	43.313922	-35.176092					wds	0	unresolved	system_inherited	none	none	none	none	secondary									60.654216	1.000	75.00	2457023.7500	1.9300	1.000	75.00	8.37	10.30
04049-3527-BC	B	19052	4857945669220059520	25926	23.881877	43.500374	-35.327308	3.7860	0.6370	G2 V		athyg	2	orb6_hip	gaia_5p	orb6	athyg	athyg_own	catalog	primary	19055.092500	2455076.9675	0.920000	16.532349	2.150246	2.680826	1.490511		60.915066	0.400	108.00	2459580.5000	1.6500	0.900	75.00	8.65	10.30
04049-3527-BC	C				23.779837	43.313922	-35.176092					wds	2	unresolved	system_inherited	orb6	none	none	catalog	secondary	19055.092500	2455076.9675	0.920000	16.532349	2.150246	2.680826	1.490511		60.654216	0.400	108.00	2459580.5000	1.6500	1.000	75.00	8.65	10.30
05353-0523-Aa,Ab	Aa	26220		37020	40.582407	374.537213	-35.527254	-2.9100		O7		athyg	0	unresolved	system_inherited	none	athyg	athyg_own	none	primary									378.400900	0.200	13.00	2458119.5000	3.2800			6.55	9.83
05353-0523-Aa,Ab	Ab			37020	40.582407	374.537213	-35.527254	-2.9100		O7		athyg	0	unresolved	athyg_position	none	athyg	athyg_system_inherited	none	secondary									378.400900	0.200	13.00	2458119.5000	3.2800			6.55	9.83
05353-0523-AB	A	26220	3017364132050194688	37020	40.582301	374.537201	-35.527257	-2.9100		B0V		athyg	0	simbad_xid	gaia_5p	none	simbad	athyg_own	none	primary									378.400878	8.800	32.00	2459580.5000	0.9400			6.55	7.49
05353-0523-AB	B	26220	3017364132049943680	37020	40.389111	372.832338	-35.351575	-2.9100		B1V		athyg	0	simbad_xid	gaia_5p	none	simbad	athyg_system_inherited	none	secondary									376.676209	8.800	32.00	2459580.5000	0.9400	8.800	32.00	6.55	7.49
05353-0523-AC	A	26220	3017364132050194688	37020	40.582301	374.537201	-35.527257	-2.9100		B0V		athyg	0	simbad_xid	gaia_5p	none	simbad	athyg_own	none	primary									378.400878	12.800	132.00	2459215.2500	-1.4900			6.55	5.06
05353-0523-AC	C	26221	3017364063330718080	37022	42.856091	395.694645	-37.550681	-2.8790	0.0200	O7Vp		athyg	0	simbad_xid	gaia_5p	none	simbad	athyg_own	none	secondary									399.776125	12.800	132.00	2459215.2500	-1.4900	12.800	132.00	6.55	5.06
05353-0523-AE	A	26220	3017364132050194688	37020	40.582301	374.537201	-35.527257	-2.9100		B0V		athyg	0	simbad_xid	gaia_5p	none	simbad	athyg_own	none	primary									378.400878	4.500	350.00	2459580.5000	4.5500			6.55	11.10
05353-0523-AE	E		3017364127743288704		41.076560	379.085050	-35.950346	2.1449	1.0927	G2IV		wds	0	simbad_xid	gaia_5p	none	simbad	gaia_photometry	none	secondary									382.995021	4.500	350.00	2459580.5000	4.5500	4.500	350.00	6.55	11.10
05353-0523-Ba,Bb	Ba				40.582407	374.537213	-35.527254					wds	0	unresolved	system_inherited	none	none	none	none	primary									378.400900	0.900	255.00	2455928.0000	1.0100			7.49	8.50
05353-0523-Ba,Bb	Bb				40.582407	374.537213	-35.527254					wds	0	unresolved	system_inherited	none	none	none	none	secondary									378.400900	0.900	255.00	2455928.0000	1.0100			7.49	8.50
05353-0523-Ba,Bc	Ba				40.582407	374.537213	-35.527254					wds	0	unresolved	system_inherited	none	none	none	none	primary									378.400900	0.600	300.00	2455928.0000	3.0100			7.49	10.50
05353-0523-Ba,Bc	Bc				40.582407	374.537213	-35.527254					wds	0	unresolved	system_inherited	none	none	none	none	secondary									378.400900	0.600	300.00	2455928.0000	3.0100			7.49	10.50
05353-0523-Ba,Bd	Ba				40.582407	374.537213	-35.527254					wds	0	unresolved	system_inherited	none	none	none	none	primary									378.400900	1.000	251.00	2454101.7500				7.49	
05353-0523-Ba,Bd	Bd				40.582407	374.537213	-35.527254					wds	0	unresolved	system_inherited	none	none	none	none	secondary									378.400900	1.000	251.00	2454101.7500				7.49	
05353-0523-Bb,Bc	Bb				40.582407	374.537213	-35.527254					wds	0	unresolved	system_inherited	none	none	none	none	primary									378.400900	0.600	37.00	2450084.0000	2.0000			8.50	10.50
05353-0523-Bb,Bc	Bc				40.582407	374.537213	-35.527254					wds	0	unresolved	system_inherited	none	none	none	none	secondary									378.400900	0.600	37.00	2450084.0000	2.0000			8.50	10.50
05353-0523-Bb,Bd	Bb				40.582407	374.537213	-35.527254					wds	0	unresolved	system_inherited	none	none	none	none	primary									378.400900	0.100	222.00	2455928.0000	0.8000			10.00	10.80
05353-0523-Bb,Bd	Bd				40.582407	374.537213	-35.527254					wds	0	unresolved	system_inherited	none	none	none	none	secondary									378.400900	0.100	222.00	2455928.0000	0.8000			10.00	10.80
05353-0523-Ba,Be	Ba				40.582407	374.537213	-35.527254					wds	0	unresolved	system_inherited	none	none	none	none	primary									378.400900	0.000	267.00	2458119.5000	1.3000			6.00	7.30
05353-0523-Ba,Be	Be				40.582407	374.537213	-35.527254					wds	0	unresolved	system_inherited	none	none	none	none	secondary									378.400900	0.000	267.00	2458119.5000	1.3000			6.00	7.30
05353-0523-BC	B	26220	3017364132049943680	37020	40.389111	372.832338	-35.351575	-2.9100		B1V		athyg	0	simbad_xid	gaia_5p	none	simbad	athyg_own	none	primary									376.676209	17.200	343.00	2459215.2500	-2.4300	8.800	32.00	7.49	5.06
05353-0523-BC	C	26221	3017364063330718080	37022	42.856091	395.694645	-37.550681	-2.8790	0.0200	O7Vp		athyg	0	simbad_xid	gaia_5p	none	simbad	athyg_own	none	secondary									399.776125	17.200	343.00	2459215.2500	-2.4300	12.800	132.00	7.49	5.06
05353-0523-BE	B	26220	3017364132049943680	37020	40.389111	372.832338	-35.351575	-2.9100		B1V		athyg	0	simbad_xid	gaia_5p	none	simbad	athyg_own	none	primary									376.676209	6.200	240.00	2457023.7500	3.6100	8.800	32.00	7.49	11.10
05353-0523-BE	E		3017364127743288704		41.076560	379.085050	-35.950346	2.1449	1.0927	G2IV		wds	0	simbad_xid	gaia_5p	none	simbad	gaia_photometry	none	secondary									382.995021	6.200	240.00	2457023.7500	3.6100	4.500	350.00	7.49	11.10
05353-0523-Ca,Cb	Ca	26221	3017364063330718080	37022	42.856091	395.694645	-37.550681	-2.8790	0.0200	O6p		athyg	2	orb6_hip	gaia_5p	orb6	msc	athyg_own	catalog	primary	4163.850000	2452348.5500	0.590000	17.989926	1.720895	4.939282	0.486947	0.500000	399.776125	0.000	306.00	2458119.5000	1.4000			5.30	6.70
05353-0523-Ca,Cb	Cb	26221	3017364063330718080	37022	42.856091	395.694645	-37.550681	-2.8790	0.0200	O6pe		athyg	2	orb6_hip	gaia_5p	orb6	athyg	athyg_system_inherited	catalog	secondary	4163.850000	2452348.5500	0.590000	17.989926	1.720895	4.939282	0.486947	0.500000	399.776125	0.000	306.00	2458119.5000	1.4000			5.30	6.70
05353-0523-CD	C	26221	3017364063330718080	37022	42.856091	395.694645	-37.550681	-2.8790	0.0200	O7Vp		athyg	0	simbad_xid	gaia_5p	none	simbad	athyg_own	none	primary									399.776125	13.800	60.00	2459215.2500	1.3200	12.800	132.00	5.06	6.38
05353-0523-CD	D	26224	3017364063330465152	37023	46.951632	433.742164	-41.147530	-1.4980	0.0800	B1.5Vp		athyg	0	simbad_xid	gaia_5p	none	simbad	athyg_own	none	secondary									438.212095	13.800	60.00	2459215.2500	1.3200	21.400	97.00	5.06	6.38
05353-0523-CE	C	26221	3017364063330718080	37022	42.856091	395.694645	-37.550681	-2.8790	0.0200	O7Vp		athyg	0	simbad_xid	gaia_5p	none	simbad	athyg_own	none	primary									399.776125	16.700	321.00	2459580.5000	6.0400	12.800	132.00	5.06	11.10
05353-0523-CE	E		3017364127743288704		41.076560	379.085050	-35.950346	2.1449	1.0927	G2IV		wds	0	simbad_xid	gaia_5p	none	simbad	gaia_photometry	none	secondary									382.995021	16.700	321.00	2459580.5000	6.0400	4.500	350.00	5.06	11.10
05353-0523-CF	C	26221	3017364063330718080	37022	42.856091	395.694645	-37.550681	-2.8790	0.0200	O7Vp		athyg	0	simbad_xid	gaia_5p	none	simbad	athyg_own	none	primary									399.776125	4.600	121.00	2459580.5000	6.4400	12.800	132.00	5.06	11.50
05353-0523-CF	F		3017364063331140224		42.028510	388.123125	-36.836510	2.0641		B8		wds	0	simbad_xid	gaia_5p	none	simbad	gaia_photometry	none	secondary									392.126108	4.600	121.00	2459580.5000	6.4400	17.338	129.10	5.06	11.50
05353-0523-Da,Db	Da	26224	3017364063330465152	37023	46.951632	433.742164	-41.147530	-1.4980	0.0800	B0.5Vp...		athyg	0	athyg_gaia_native	gaia_5p	none	athyg	athyg_own	none	primary									438.212095	0.000	41.00	2453371.2500				6.38	
05353-0523-Da,Db	Db	26224	3017364063330465152	37023	46.951632	433.742164	-41.147530	-1.4980	0.0800	B0.5Vp...		athyg	0	athyg_gaia_native	gaia_5p	none	athyg	athyg_system_inherited	none	secondary									438.212095	0.000	41.00	2453371.2500				6.38	
05353-0523-Da,Dc	Da	26224	3017364063330465152	37023	46.951632	433.742164	-41.147530	-1.4980	0.0800	B0.5Vp...		athyg	2	athyg_gaia_native	gaia_5p	orb6	athyg	athyg_own	catalog	primary	53.034300	2457791.1403	0.430000	0.815074	2.792527	2.897247	6.038839	0.500000	438.212095	0.000	15.00	2458119.5000	1.2000			5.70	6.90
05353-0523-Da,Dc	Dc	26224	3017364063330465152	37023	46.951632	433.742164	-41.147530	-1.4980	0.0800	B0.5Vp...		athyg	2	athyg_gaia_native	gaia_5p	orb6	athyg	athyg_system_inherited	catalog	secondary	53.034300	2457791.1403	0.430000	0.815074	2.792527	2.897247	6.038839	0.500000	438.212095	0.000	15.00	2458119.5000	1.2000			5.70	6.90
05353-0523-Ea,Eb	Ea				40.582407	374.537213	-35.527254					wds	0	unresolved	system_inherited	none	none	none	none	primary									378.400900	2.200		2452640.7500				11.10	
05353-0523-Ea,Eb	Eb				40.582407	374.537213	-35.527254					wds	0	unresolved	system_inherited	none	none	none	none	secondary									378.400900	2.200		2452640.7500				11.10	
05353-0523-HI	H				40.582407	374.537213	-35.527254					wds	0	unresolved	system_inherited	none	none	none	none	primary									378.400900	1.600	269.00	2457023.7500	0.5000	8.100	178.00	15.80	16.30
05353-0523-HI	I				40.582407	374.537213	-35.527254					wds	0	unresolved	system_inherited	none	none	none	none	secondary									378.400900	1.600	269.00	2457023.7500	0.5000	8.229	189.21	15.80	16.30
05353-0523-JK	J				40.582407	374.537213	-35.527254					wds	0	unresolved	system_inherited	none	none	none	none	primary									378.400900	2.800		2452640.7500				14.26	
05353-0523-JK	K				40.582407	374.537213	-35.527254					wds	0	unresolved	system_inherited	none	none	none	none	secondary									378.400900	2.800		2452640.7500				14.26	
05353-0523-LM	L				40.582407	374.537213	-35.527254					wds	0	unresolved	system_inherited	none	none	none	none	primary									378.400900	0.100	262.00	2457389.0000				14.50	
05353-0523-LM	M				40.582407	374.537213	-35.527254					wds	0	unresolved	system_inherited	none	none	none	none	secondary									378.400900	0.100	262.00	2457389.0000				14.50	
05353-0523-Na,Nb	Na				40.582407	374.537213	-35.527254					wds	0	unresolved	system_inherited	none	none	none	none	primary									378.400900	1.000		2452640.7500				7.96	
05353-0523-Na,Nb	Nb				40.582407	374.537213	-35.527254					wds	0	unresolved	system_inherited	none	none	none	none	secondary									378.400900	1.000		2452640.7500				7.96	
05353-0523-Oa,Ob	Oa				40.582407	374.537213	-35.527254					wds	0	unresolved	system_inherited	none	none	none	none	primary									378.400900	0.000	114.00	2457389.0000				12.20	
05353-0523-Oa,Ob	Ob				40.582407	374.537213	-35.527254					wds	0	unresolved	system_inherited	none	none	none	none	secondary									378.400900	0.000	114.00	2457389.0000				12.20	
05353-0523-Pa,Pb	Pa				40.582407	374.537213	-35.527254					wds	0	unresolved	system_inherited	none	none	none	none	primary									378.400900	0.300	207.00	2455562.7500	1.2600			10.96	12.22
05353-0523-Pa,Pb	Pb				40.582407	374.537213	-35.527254					wds	0	unresolved	system_inherited	none	none	none	none	secondary									378.400900	0.300	207.00	2455562.7500	1.2600			10.96	12.22
05353-0523-Qa,Qb	Qa				40.582407	374.537213	-35.527254					wds	0	unresolved	system_inherited	none	none	none	none	primary									378.400900	0.300	178.00	2454101.7500	3.3100			9.69	13.00
05353-0523-Qa,Qb	Qb				40.582407	374.537213	-35.527254					wds	0	unresolved	system_inherited	none	none	none	none	secondary									378.400900	0.300	178.00	2454101.7500	3.3100			9.69	13.00
05353-0523-RS	R				40.582407	374.537213	-35.527254					wds	0	unresolved	system_inherited	none	none	none	none	primary									378.400900	2.600		2452640.7500				11.40	
05353-0523-RS	S				40.582407	374.537213	-35.527254					wds	0	unresolved	system_inherited	none	none	none	none	secondary									378.400900	2.600		2452640.7500				11.40	
05353-0523-TU	T				40.582407	374.537213	-35.527254					wds	0	unresolved	system_inherited	none	none	none	none	primary									378.400900	2.000		2452640.7500				11.40	
05353-0523-TU	U				40.582407	374.537213	-35.527254					wds	0	unresolved	system_inherited	none	none	none	none	secondary									378.400900	2.000		2452640.7500				11.40	
05353-0523-VW	V				40.582407	374.537213	-35.527254					wds	0	unresolved	system_inherited	none	none	none	none	primary									378.400900	1.600		2452640.7500				11.93	
05353-0523-VW	W				40.582407	374.537213	-35.527254					wds	0	unresolved	system_inherited	none	none	none	none	secondary									378.400900	1.600		2452640.7500				11.93	
05353-0523-Xa,Xb	Xa				40.582407	374.537213	-35.527254					wds	0	unresolved	system_inherited	none	none	none	none	primary									378.400900	0.100	19.00	2457389.0000	2.2000			13.20	15.40
05353-0523-Xa,Xb	Xb				40.582407	374.537213	-35.527254					wds	0	unresolved	system_inherited	none	none	none	none	secondary									378.400900	0.100	19.00	2457389.0000	2.2000			13.20	15.40
05353-0523-Ya,Yb	Ya				40.582407	374.537213	-35.527254					wds	0	unresolved	system_inherited	none	none	none	none	primary									378.400900	0.200	104.00	2453006.0000	0.4000			10.90	11.30
05353-0523-Ya,Yb	Yb				40.582407	374.537213	-35.527254					wds	0	unresolved	system_inherited	none	none	none	none	secondary									378.400900	0.200	104.00	2453006.0000	0.4000			10.90	11.30
05353-0523-Za,Zb	Za				40.582407	374.537213	-35.527254					wds	0	unresolved	system_inherited	none	none	none	none	primary									378.400900	0.100	175.00	2455562.7500	3.6000			14.00	17.60
05353-0523-Za,Zb	Zb				40.582407	374.537213	-35.527254					wds	0	unresolved	system_inherited	none	none	none	none	secondary									378.400900	0.100	175.00	2455562.7500	3.6000			14.00	17.60
07031+5410-AB	A	33985	987769296134524928	52145	-38.896932	137.709500	198.219786	0.4790	0.9490	K1III		athyg	0	simbad_xid	gaia_5p	none	simbad	athyg_own	none	primary									244.474868	9.000	67.00	2459580.5000	1.5800			7.82	9.40
07031+5410-AB	B		987769330494262912		-38.694399	136.956890	197.147460	2.7672	0.4904	F7IV-V		wds	0	simbad_xid	gaia_5p	none	simbad	gaia_photometry	none	secondary									243.149269	9.000	67.00	2459580.5000	1.5800	9.000	67.00	7.82	9.40
07031+5410-A,BC	A	33985	987769296134524928	52145	-38.896932	137.709500	198.219786	0.4790	0.9490	K1III		athyg	0	simbad_xid	gaia_5p	none	simbad	athyg_own	none	primary									244.474868	9.300	63.00	2458484.7500	1.3800			7.82	9.20
07031+5410-A,BC	BC		987769330494262912		-38.694399	136.956890	197.147460	2.7672	0.4904			wds	0	simbad_xid	gaia_5p	none	none	gaia_photometry	none	secondary									243.149269	9.300	63.00	2458484.7500	1.3800	9.300	63.00	7.82	9.20
07031+5410-BC	B		987769330494262912		-38.694399	136.956890	197.147460	2.7672	0.4904	F7IV-V		wds	0	simbad_xid	gaia_5p	none	simbad	gaia_photometry	none	primary									243.149269	1.600	6.00	2460311.0000	-0.0900	9.000	67.00	9.40	9.31
07031+5410-BC	C		987769326198428800		-38.690394	136.942024	197.129410	2.9441	0.5580	F8IV-V		wds	0	simbad_xid	gaia_5p	none	simbad	gaia_photometry	none	secondary									243.125623	1.600	6.00	2460311.0000	-0.0900	9.800	59.00	9.40	9.31
07346+3153-Aa,Ab	Aa	36850		60179	-5.311739	12.130110	8.238539	0.6150	0.0340	A1V	Castor	athyg	2	unresolved	hip2_long_baseline	orb6	msc	athyg_own	catalog	primary	9.212749	2455817.7868	0.487690	0.124797	0.610865	1.482971	1.659808	0.171975	15.595758	0.000	293.00	2459215.2500				1.93	
07346+3153-Aa,Ab	Ab	36850		60179	-5.311739	12.130110	8.238539	0.6150	0.0340	K7Ve	Castor	athyg	2	unresolved	hip2_long_baseline	orb6	curated	athyg_system_inherited	catalog	secondary	9.212749	2455817.7868	0.487690	0.124797	0.610865	1.482971	1.659808	0.171975	15.595758	0.000	293.00	2459215.2500				1.93	
07346+3153-AB	A	36850		60179	-5.311739	12.130110	8.238539	0.6150	0.0340	A1.5IV+	Castor	athyg	2	unresolved	hip2_long_baseline	orb6	simbad	athyg_own	catalog	primary	167686.275000	2436785.2475	0.338200	104.834685	2.008996	4.395437	0.720891	0.500000	15.595758	5.400	51.00	2459945.7500	1.0400			1.93	2.97
07346+3153-AB	B	36850	892348694913501952	60179	-5.311739	12.130110	8.238539	0.6150	0.0340	kA0hA2:mA1IVs	Castor	athyg	2	simbad_xid	hip2_long_baseline	orb6	simbad	athyg_system_inherited	catalog	secondary	167686.275000	2436785.2475	0.338200	104.834685	2.008996	4.395437	0.720891	0.500000	15.595758	5.400	51.00	2459945.7500	1.0400	5.400	51.00	1.93	2.97
07346+3153-AC	A	36850		60179	-5.311739	12.130110	8.238539	0.6150	0.0340	A1.5IV+	Castor	athyg	0	unresolved	hip2_long_baseline	none	simbad	athyg_own	none	primary									15.595758	69.600	164.00	2459945.7500	7.9000			1.93	9.83
07346+3153-AC	C		892348454394856064		-5.138601	11.731097	7.962176	8.1054	1.4620	M0.5VeFe-2		wds	0	simbad_xid	gaia_5p	none	simbad	gaia_photometry	none	secondary									15.080454	69.600	164.00	2459945.7500	7.9000	69.600	164.00	1.93	9.83
07346+3153-Ba,Bb	Ba	36850		60179	-5.311739	12.130110	8.238539	0.6150	0.0340	A2Vm	Castor	athyg	2	unresolved	hip2_long_baseline	orb6	msc	athyg_own	catalog	primary	2.928350	2456705.4942	0.000000	0.053715	1.928589	3.141593	1.858252	0.148936	15.595758	0.000	302.00	2459215.2500				2.97	
07346+3153-Ba,Bb	Bb	36850		60179	-5.311739	12.130110	8.238539	0.6150	0.0340	M1Ve	Castor	athyg	2	unresolved	hip2_long_baseline	orb6	curated	athyg_system_inherited	catalog	secondary	2.928350	2456705.4942	0.000000	0.053715	1.928589	3.141593	1.858252	0.148936	15.595758	0.000	302.00	2459215.2500				2.97	
07346+3153-BC	B	36850	892348694913501952	60179	-5.311739	12.130110	8.238539	0.6150	0.0340	kA0hA2:mA1IVs	Castor	athyg	0	simbad_xid	hip2_long_baseline	none	simbad	athyg_own	none	primary									15.595758	73.800	168.00	2458850.0000	6.8600	5.400	51.00	2.97	9.83
07346+3153-BC	C		892348454394856064		-5.138601	11.731097	7.962176	8.1054	1.4620	M0.5VeFe-2		wds	0	simbad_xid	gaia_5p	none	simbad	gaia_photometry	none	secondary									15.080454	73.800	168.00	2458850.0000	6.8600	69.600	164.00	2.97	9.83
08122+1739-AB	A	40167	657244586015485440	68255	-13.036131	20.033168	7.603542	2.6730	0.5310	F8V	Tegmine	athyg	2	simbad_xid	hip2_long_baseline	orb6	msc	athyg_own	catalog	primary	21841.950000	2447863.2800	0.320000	21.720592	2.982768	0.013963	3.312635	0.622578	25.081515	1.100	349.00	2460676.2500	0.9500			5.30	6.25
08122+1739-AB	B	40167	657244521593509376	68255	-13.036131	20.033168	7.603542	2.6730	0.5310	G0IV-V	Tegmine	athyg	2	simbad_xid	hip2_long_baseline	orb6	msc	athyg_system_inherited	catalog	secondary	21841.950000	2447863.2800	0.320000	21.720592	2.982768	0.013963	3.312635	0.622578	25.081515	1.100	349.00	2460676.2500	0.9500	1.100	349.00	5.30	6.25
08122+1739-AB,C	AB	40167		68255	-13.036131	20.033168	7.603542	2.6730	0.5310	F8V	Tegmine	athyg	2	unresolved	hip2_long_baseline	orb6	athyg	athyg_own	catalog	primary	268495.676775	2378719.5557	0.617880	223.130173	2.087030	5.153015	2.751616	0.622578	25.081515	6.300	57.00	2460676.2500	0.9300	0.448	161.90	4.92	5.85
08122+1739-AB,C	C	40167	657244521593508992	68255	-12.629945	19.407471	7.366553	2.6730	0.5310	G0IV-V	Tegmine	athyg	2	simbad_xid	gaia_5p	orb6	simbad	athyg_system_inherited	catalog	secondary	268495.676775	2378719.5557	0.617880	223.130173	2.087030	5.153015	2.751616	0.622578	24.298797	6.300	57.00	2460676.2500	0.9300	6.200	61.00	4.92	5.85
08122+1739-AC	A	40167	657244586015485440	68255	-13.036131	20.033168	7.603542	2.6730	0.5310	F8V	Tegmine	athyg	0	simbad_xid	hip2_long_baseline	none	msc	athyg_own	none	primary									25.081515	6.200	61.00	2459580.5000	0.5500			5.30	5.85
08122+1739-AC	C	40167	657244521593508992	68255	-12.629945	19.407471	7.366553	2.6730	0.5310	G0IV-V	Tegmine	athyg	0	simbad_xid	gaia_5p	none	simbad	athyg_system_inherited	none	secondary									24.298797	6.200	61.00	2459580.5000	0.5500	6.200	61.00	5.30	5.85
08122+1739-BC	B	40167	657244521593509376	68255	-13.036131	20.033168	7.603542	2.6730	0.5310	G0IV-V	Tegmine	athyg	0	simbad_xid	hip2_long_baseline	none	msc	athyg_own	none	primary									25.081515	5.500	70.00	2458850.0000	-0.4000	1.100	349.00	6.25	5.85
08122+1739-BC	C	40167	657244521593508992	68255	-12.629945	19.407471	7.366553	2.6730	0.5310	G0IV-V	Tegmine	athyg	0	simbad_xid	gaia_5p	none	simbad	athyg_system_inherited	none	secondary									24.298797	5.500	70.00	2458850.0000	-0.4000	6.200	61.00	6.25	5.85
08122+1739-Ca,Cb	Ca	40167		68255	-13.036131	20.033168	7.603542	2.6730	0.5310	G0V	Tegmine	athyg	2	unresolved	hip2_long_baseline	orb6	msc	athyg_own	catalog	primary	6282.300000	2445393.8248	0.101000	9.455731	2.514967	5.981819	1.197645		25.081515	0.300	338.00	2459580.5000	0.9000			6.20	7.10
08122+1739-Ca,Cb	Cb				-13.036131	20.033168	7.603542					wds	2	unresolved	system_inherited	orb6	none	none	catalog	secondary	6282.300000	2445393.8248	0.101000	9.455731	2.514967	5.981819	1.197645		25.081515	0.300	338.00	2459580.5000	0.9000			6.20	7.10
08122+1739-Ca,Cc	Ca	40167		68255	-13.036131	20.033168	7.603542	2.6730	0.5310	G0V	Tegmine	athyg	0	unresolved	hip2_long_baseline	none	msc	athyg_own	none	primary									25.081515	0.100		2450814.5000	1.8000			5.20	7.00
08122+1739-Ca,Cc	Cc				-13.036131	20.033168	7.603542					wds	0	unresolved	system_inherited	none	none	none	none	secondary									25.081515	0.100		2450814.5000	1.8000			5.20	7.00
12266-6306-AC	A	60718		108248	-44.363721	-5.171676	-88.034638	-4.2020	-0.2430	B0.5IV	Acrux	athyg	0	unresolved	hip2_long_baseline	none	simbad	athyg_own	none	primary									98.716683	89.000	203.00	2458850.0000	3.5500			1.25	4.80
12266-6306-AC	C		6053807844583576064	108250	-47.791264	-5.553552	-94.927156	-0.3360	-0.1550	B3/5V		athyg	0	simbad_xid	gaia_5p	none	simbad	athyg_own	none	secondary									106.423737	89.000	203.00	2458850.0000	3.5500	89.000	203.00	1.25	4.80
12266-6306-BC	B				-44.363721	-5.171676	-88.034638			B1V		wds	0	unresolved	system_inherited	none	simbad	none	none	primary									98.716683	89.000	203.00	2458850.0000	3.2500	3.500	111.00	1.55	4.80
12266-6306-BC	C		6053807844583576064	108250	-47.791264	-5.553552	-94.927156	-0.3360	-0.1550	B3/5V		athyg	0	simbad_xid	gaia_5p	none	simbad	athyg_own	none	secondary									106.423737	89.000	203.00	2458850.0000	3.2500	89.000	203.00	1.55	4.80
18025+4414-Aa,Ab	Aa	88350	2114382335056498432	165170	0.624483	-56.939509	55.439609	2.5990	0.4830	F2		athyg	0	ccdm_hip	gaia_5p	none	msc	athyg_own	none	primary									79.473567	0.100	319.00	2458119.5000				7.31	
18025+4414-Aa,Ab	Ab	88350	2114382335056498432	165170	0.624483	-56.939509	55.439609	2.5990	0.4830	F2		athyg	0	athyg_gaia_native	gaia_5p	none	athyg	athyg_system_inherited	none	secondary									79.473567	0.100	319.00	2458119.5000				7.31	
18025+4414-AB	A	88350	2114382335056498432	165170	0.624483	-56.939509	55.439609	2.5990	0.4830	F2		athyg	0	simbad_xid	gaia_5p	none	msc	athyg_own	none	primary									79.473567	0.700	39.00	2458119.5000	1.8900			7.31	9.20
18025+4414-AB	B	88350	2114382335056498432	165170	0.624483	-56.939509	55.439609	2.5990	0.4830	F2		athyg	0	ccdm_hip	gaia_5p	none	athyg	athyg_system_inherited	none	secondary									79.473567	0.700	39.00	2458119.5000	1.8900	0.700	39.00	7.31	9.20
07346+3153-Ca,Cb	Ca		892348454394856064		-5.138601	11.731097	7.962176	8.1054	1.4620	M0.5Ve		wds	3	simbad_xid	gaia_5p	orb6_spectroscopic	curated	gaia_photometry	catalog	primary	0.814282	2450557.0614	0.000000	0.020359	1.509710	1.570796		0.500000	15.080454	0.000	0.00					9.83	
07346+3153-Ca,Cb	Cb		892348454394856064		-5.138601	11.731097	7.962176	8.1054	1.4620	M0.5Ve		wds	3	simbad_xid	gaia_5p	orb6_spectroscopic	curated	gaia_photometry	catalog	secondary	0.814282	2450557.0614	0.000000	0.020359	1.509710	1.570796		0.500000	15.080454	0.000	0.00					9.83	
18025+4414-Aa,B	Aa	88350	2114382335056498432	165170	0.624483	-56.939509	55.439609	2.5990	0.4830	F2		athyg	2	orb6_hip	gaia_5p	orb6	msc	athyg_own	catalog	primary	102806.917500	2477203.8125	0.298000	59.605175	2.555162	2.361430	1.277581	0.500000	79.473567	0.000	0.00						
18025+4414-Aa,B	B	88350	2114382335056498432	165170	0.624483	-56.939509	55.439609	2.5990	0.4830	F2		athyg	2	ccdm_hip	gaia_5p	orb6	athyg	athyg_system_inherited	catalog	secondary	102806.917500	2477203.8125	0.298000	59.605175	2.555162	2.361430	1.277581	0.500000	79.473567	0.000	0.00			0.700	39.00		
00047+3416-Da,Db	Da		2875176250406193920		176.020943	3.501546	119.875732			F9?		wds	2	simbad_xid	gaia_nss_systemic	gaia_nss	msc	none	kepler_mass_estimate	primary	68.192635	2457366.6201	0.088597	0.382463		4.816149		0.333333	212.992545	0.000	0.00					10.55	
00047+3416-Da,Db	Db		2875176250406193920		176.020943	3.501546	119.875732					wds	2	simbad_xid	gaia_nss_systemic	gaia_nss	none	none	kepler_mass_estimate	secondary	68.192635	2457366.6201	0.088597	0.382463		4.816149		0.333333	212.992545	0.000	0.00					10.55	
05353-0523-Ca1,Ca2	Ca1	26221	3017364063330718080	37022	42.856091	395.694645	-37.550681	-2.8790	0.0200	O7Vp		athyg	3	orb6_hip	gaia_5p	msc	msc	athyg_own	kepler_mass_estimate	primary	61.490000	2452550.0000	0.490000	1.059805		3.455752		0.523810	399.776125	0.000	0.00					5.13	
05353-0523-Ca1,Ca2	Ca2	26221	3017364063330718080	37022	42.856091	395.694645	-37.550681	-2.8790	0.0200	O6pe		athyg	3	orb6_hip	gaia_5p	msc	athyg	athyg_system_inherited	kepler_mass_estimate	secondary	61.490000	2452550.0000	0.490000	1.059805		3.455752		0.523810	399.776125	0.000	0.00					5.13	
12266-6306-Aa,Ab	Aa	60718		108248	-44.363721	-5.171676	-88.034638	-4.2020	-0.2430	B0IV	Acrux	athyg	3	unresolved	hip2_long_baseline	msc	msc	athyg_own	kepler_mass_estimate	primary	75.779400	2417642.3008	0.460000	1.110324		0.366519		0.500000	98.716683	0.000	0.00					1.33	
12266-6306-Aa,Ab	Ab	60718		108248	-44.363721	-5.171676	-88.034638	-4.2020	-0.2430	B0.5 IV	Acrux	athyg	3	unresolved	hip2_long_baseline	msc	athyg	athyg_system_inherited	kepler_mass_estimate	secondary	75.779400	2417642.3008	0.460000	1.110324		0.366519		0.500000	98.716683	0.000	0.00					1.33	
12266-6306-Ca,Cb	Ca		6053807844583576064	108250	-47.791264	-5.553552	-94.927156	-0.3360	-0.1550	B4V		athyg	3	simbad_xid	gaia_5p	msc	msc	athyg_own	kepler_mass_estimate	primary	1.225100	2438903.3000	0.024000	0.053354		5.480334		0.518519	106.423737	0.000	0.00					4.86	
12266-6306-Ca,Cb	Cb		6053807844583576064	108250	-47.791264	-5.553552	-94.927156	-0.3360	-0.1550	B3/5 V		athyg	3	simbad_xid	gaia_5p	msc	athyg	athyg_system_inherited	kepler_mass_estimate	secondary	1.225100	2438903.3000	0.024000	0.053354		5.480334		0.518519	106.423737	0.000	0.00					4.86	
00022+5958-Aa,Ab	Aa	174	423322976116896512	240475	190.724993	1.836738	329.899708	0.9550	1.0350	G 9 II-III		athyg	2	simbad_xid	gaia_nss_systemic	gaia_nss	athyg	athyg_own	kepler_mass_estimate	primary	1060.765203	2456887.4278	0.522051	2.999641		4.291046		0.500000	381.068516	0.000	0.00						
00022+5958-Aa,Ab	Ab	174	423322976116896512	240475	190.724993	1.836738	329.899708	0.9550	1.0350	G 9 II-III		athyg	2	simbad_xid	gaia_nss_systemic	gaia_nss	athyg	athyg_system_inherited	kepler_mass_estimate	secondary	1060.765203	2456887.4278	0.522051	2.999641		4.291046		0.500000	381.068516	0.000	0.00						
00109+4807-Ba,Bb	Ba		393135231533156224		39.281273	1.881375	43.852850					wds	2	simbad_xid	gaia_nss_systemic	gaia_nss	none	none	kepler_mass_estimate	primary	1877.524387	2457639.4037	0.382554	3.409526	1.767575	1.322406	2.508137	0.333333	58.903569	0.000	0.00						
00109+4807-Ba,Bb	Bb		393135231533156224		39.281273	1.881375	43.852850					wds	2	simbad_xid	gaia_nss_systemic	gaia_nss	none	none	kepler_mass_estimate	secondary	1877.524387	2457639.4037	0.382554	3.409526	1.767575	1.322406	2.508137	0.333333	58.903569	0.000	0.00						
00004+7305-_C	C		537476296230305920		86.848434	0.084147	285.631460				TYC 4302-921-1	simbad	0	simbad_xid	gaia_5p	none	none	none	none	standalone									298.543110					44.900	296.00		
00017+5905-_A	A		423156365744249088		973.954221	7.399686	1626.816232				GSC 03664-01624	simbad	0	simbad_xid	gaia_5p	none	none	none	none	standalone									1896.094046								
00017+5905-_B	B		423156365743031424		841.688273	6.324832	1405.819694				UCAC4 746-000273	simbad	0	simbad_xid	gaia_5p	none	none	none	none	standalone									1638.538424								
00023+3257-_C	C		2874252072226664320		788.372269	8.027130	511.100915				UCAC4 615-000122	simbad	0	simbad_xid	gaia_5p	none	none	none	none	standalone									939.584704					12.500	140.00		
00026+5942-_C	C		423282431624906240		1068.254819	12.162580	1825.938706				UCAC4 749-000576	simbad	0	simbad_xid	gaia_5p	none	none	none	none	standalone									2115.506664								
00026+5942-_D	D		423282496038271232		893.445309	10.121655	1527.096324				UCAC4 749-000572	simbad	0	simbad_xid	gaia_5p	none	none	none	none	standalone									1769.285209								
00047+3416-_C	C	375	2875176353485407744		806.284978	16.431314	549.551041				HIP 375	simbad	0	simbad_xid	gaia_5p	none	none	none	none	standalone									975.895384					25.700	4.00		
00091+4051-_C	C	712	383223271646325760		153.122566	5.903316	132.461342			G5	HD    413	simbad	0	simbad_xid	gaia_5p	none	simbad	none	none	standalone									202.552157					158.500	268.00		
00091+4051-_D	D		383223306006063232		586.175879	22.331142	507.146354				BD+40     7D	simbad	0	simbad_xid	gaia_5p	none	none	none	none	standalone									775.434243					230.000	273.00		
03082+4057-_A	A	14576			14.189403	15.238779	18.072085			B8V	* bet Per	simbad	0	simbad_xid	system_inherited	none	simbad	none	none	standalone									27.570995								
03082+4057-_F	F		239112344178207488		2267.135950	2437.538735	2888.279220				UCAC3 262-30215	simbad	0	simbad_xid	gaia_5p	none	none	none	none	standalone									4407.227854								
03082+4057-_G	G		239112344178207360		880.875236	947.010682	1122.185098				2MASS J03081731+4056481	simbad	0	simbad_xid	gaia_5p	none	none	none	none	standalone									1712.328767								
05353-0523-_G	G				40.582407	374.537213	-35.527254			K0.7	* tet01 Ori G	simbad	0	simbad_xid	system_inherited	none	simbad	none	none	standalone									378.400900					13.864	100.28		
07346+3153-_D	D		892347045645587456		-285.642661	653.510532	443.070802			K0III	BD+32  1580	simbad	0	simbad_xid	gaia_5p	none	simbad	none	none	standalone									839.630563					178.300	222.00		
08122+1739-_D	D	40184	657057020502064384		-223.332189	342.183843	129.820829				BD+18  1870	simbad	0	simbad_xid	gaia_5p	none	none	none	none	standalone									428.742926					281.842	106.09		
08122+1739-_E	E		657248232445233664		-240.472267	368.542882	141.179966				TYC 1381-1036-1	simbad	0	simbad_xid	gaia_5p	none	none	none	none	standalone									462.149921					561.879	26.03		
